reference_id,reference_command,entry_kind,catalogue,module,function,aliases,baseline_status,native_commands,functional_criterion,remaining_limit,code_evidence,reference_sources
yq_systemsetup,yq_systemsetup,group_launcher,main,system_workflow,[System Setup] Command List,sys,navigation,HELP,"[System Setup] Command List — preserve the documented operation, not merely a manually reproducible drawing.","Category launcher, not an independent geometric capability. FModel provides command search/navigation.",src/commands/utility.ts,sys/shortcut_6.7.4c.yqs:3;sys/yqshortcut.txt:18
yqarch,yqarch,command,main,system_workflow,Browse architecture commands,yq,native_core,HELP,"Browse architecture commands — preserve the documented operation, not merely a manually reproducible drawing.",Core outcome exists; YQArch-specific defaults and automation are not asserted equivalent.,src/commands/utility.ts,sys/shortcut_6.7.4c.yqs:4;sys/yqshortcut.txt:21;sys/yqpanel.txt:15
yq_sys_setting,yq_sys_setting,command,main,system_workflow,User Preferences,yqsys,partial,OPTIONS,"User Preferences — preserve the documented operation, not merely a manually reproducible drawing.",Preferences exist; company-profile layer/style conventions require a dedicated standards configuration workflow.,src/commands/utility.ts,sys/shortcut_6.7.4c.yqs:5;sys/yqshortcut.txt:20
yq_toolbarson,yq_toolbarson,command,main,system_workflow,Display YQ Toolbars,tba,host_integration,,"Display YQ Toolbars — preserve the documented operation, not merely a manually reproducible drawing.",Tied to AutoCAD/Windows/Tianzheng/plugin installation or host-only object/filesystem conventions. Evaluate a native 2D outcome separately; no literal host integration parity.,AGENTS.md,sys/shortcut_6.7.4c.yqs:6;sys/yqshortcut.txt:22;sys/yqpanel.txt:16
yq_toolbarsoff,yq_toolbarsoff,command,main,system_workflow,Hide YQ Toolbars,tbaf,host_integration,,"Hide YQ Toolbars — preserve the documented operation, not merely a manually reproducible drawing.",Tied to AutoCAD/Windows/Tianzheng/plugin installation or host-only object/filesystem conventions. Evaluate a native 2D outcome separately; no literal host integration parity.,AGENTS.md,sys/shortcut_6.7.4c.yqs:7;sys/yqshortcut.txt:23;sys/yqpanel.txt:17
yq_setuser,yq_setuser,command,main,system_workflow,Select Current User,yquser,host_integration,,"Select Current User — preserve the documented operation, not merely a manually reproducible drawing.",Tied to AutoCAD/Windows/Tianzheng/plugin installation or host-only object/filesystem conventions. Evaluate a native 2D outcome separately; no literal host integration parity.,AGENTS.md,sys/shortcut_6.7.4c.yqs:9;sys/yqshortcut.txt:25;sys/yqpanel.txt:19
yq_lang,yq_lang,command,main,system_workflow,Select Language,yqlang,partial,OPTIONS,"Select Language — preserve the documented operation, not merely a manually reproducible drawing.",FModel supports Spanish/English; YQArch Chinese variants are not mapped.,src/commands/utility.ts,sys/shortcut_6.7.4c.yqs:10;sys/yqshortcut.txt:26;sys/yqpanel.txt:20
yq_setunits,yq_setunits,command,main,system_workflow,Choose default Units,yqunits,native_core,UNITS,"Choose default Units — preserve the documented operation, not merely a manually reproducible drawing.",Core outcome exists; YQArch-specific defaults and automation are not asserted equivalent.,src/commands/utility.ts,sys/shortcut_6.7.4c.yqs:11;sys/yqshortcut.txt:27;sys/yqpanel.txt:21
yq_menu,yq_menu,command,main,system_workflow,Reload YQArch Menu,yqmenu,host_integration,,"Reload YQArch Menu — preserve the documented operation, not merely a manually reproducible drawing.",Tied to AutoCAD/Windows/Tianzheng/plugin installation or host-only object/filesystem conventions. Evaluate a native 2D outcome separately; no literal host integration parity.,AGENTS.md,sys/shortcut_6.7.4c.yqs:12;sys/yqshortcut.txt:28;sys/yqpanel.txt:22
yq_setdwgscale,yq_setdwgscale,command,main,system_workflow,Set Drawing Scale,sd,partial,SCALELISTEDIT;PROPERTIES,Change drawing scale and proportionally update architectural symbols as one coordinated operation.,Annotation scales exist; there is no registry of architectural symbols to rescale all corresponding instances.,src/commands/utility.ts:534;src/ui/panels/PropertiesPanel.tsx:174;src/commands/architectureOpenings.ts:12,sys/shortcut_6.7.4c.yqs:14;sys/yqshortcut.txt:30;sys/yqpanel.txt:24
yq_dwgframe,yq_dwgframe,command,main,system_workflow,Drawing Frame,tk,partial,TITLEBLOCK;PAGESETUP,"Drawing Frame — preserve the documented operation, not merely a manually reproducible drawing.",Sheet/title-block creation exists; automatic YQArch frame presets and linked symbol scaling are not established.,src/commands/layout.ts;src/commands/output.ts,sys/shortcut_6.7.4c.yqs:15;sys/yqshortcut.txt:32;sys/yqpanel.txt:25
yq_help,yq_help,command,main,system_workflow,YQArch Help,yqhelp,native_core,HELP,"YQArch Help — preserve the documented operation, not merely a manually reproducible drawing.",Core outcome exists; YQArch-specific defaults and automation are not asserted equivalent.,src/commands/utility.ts,sys/shortcut_6.7.4c.yqs:17;sys/yqshortcut.txt:34;sys/yqpanel.txt:27
yq_ver,yq_ver,command,main,system_workflow,YQArch Version,yqver,host_integration,,"YQArch Version — preserve the documented operation, not merely a manually reproducible drawing.",Tied to AutoCAD/Windows/Tianzheng/plugin installation or host-only object/filesystem conventions. Evaluate a native 2D outcome separately; no literal host integration parity.,AGENTS.md,sys/shortcut_6.7.4c.yqs:18;sys/yqshortcut.txt:35;sys/yqpanel.txt:28
yq_website,yq_website,command,main,system_workflow,YQArch Website,yqweb,host_integration,,"YQArch Website — preserve the documented operation, not merely a manually reproducible drawing.",Tied to AutoCAD/Windows/Tianzheng/plugin installation or host-only object/filesystem conventions. Evaluate a native 2D outcome separately; no literal host integration parity.,AGENTS.md,sys/shortcut_6.7.4c.yqs:19;sys/yqshortcut.txt:36;sys/yqpanel.txt:29
yq_about,yq_about,command,main,system_workflow,About YQArch,yqabout,host_integration,,"About YQArch — preserve the documented operation, not merely a manually reproducible drawing.",Tied to AutoCAD/Windows/Tianzheng/plugin installation or host-only object/filesystem conventions. Evaluate a native 2D outcome separately; no literal host integration parity.,AGENTS.md,sys/shortcut_6.7.4c.yqs:20;sys/yqshortcut.txt:37;sys/yqpanel.txt:30
yq_donate,yq_donate,command,main,system_workflow,Donate & Support,yqjz,host_integration,,"Donate & Support — preserve the documented operation, not merely a manually reproducible drawing.",Tied to AutoCAD/Windows/Tianzheng/plugin installation or host-only object/filesystem conventions. Evaluate a native 2D outcome separately; no literal host integration parity.,AGENTS.md,sys/shortcut_6.7.4c.yqs:21;sys/yqshortcut.txt:38;sys/yqpanel.txt:31
yq_uninstall,yq_uninstall,command,main,system_workflow,YQArch Uninstall,yquninst,host_integration,,"YQArch Uninstall — preserve the documented operation, not merely a manually reproducible drawing.",Tied to AutoCAD/Windows/Tianzheng/plugin installation or host-only object/filesystem conventions. Evaluate a native 2D outcome separately; no literal host integration parity.,AGENTS.md,sys/shortcut_6.7.4c.yqs:23;sys/yqshortcut.txt:40;sys/yqpanel.txt:33
yq_wallcolumn,yq_wallcolumn,group_launcher,main,walls_openings,[Plane Wall/Column] Command List,www,navigation,HELP,"[Plane Wall/Column] Command List — preserve the documented operation, not merely a manually reproducible drawing.","Category launcher, not an independent geometric capability. FModel provides command search/navigation.",src/commands/utility.ts;src/commands/architecture.ts:12;src/commands/architectureOpenings.ts:40;src/geometry/walls.ts:1,sys/shortcut_6.7.4c.yqs:25;sys/yqshortcut.txt:44
yq_axisline,yq_axisline,command,main,walls_openings,Create Axis Line,ax,partial,LINE,"Create Axis Line — preserve the documented operation, not merely a manually reproducible drawing.",A line can be drawn on a chosen axis layer; architectural axis/grid naming and dimension automation are absent.,src/commands/draw/curves.ts;src/commands/architecture.ts:12;src/commands/architectureOpenings.ts:40;src/geometry/walls.ts:1,sys/shortcut_6.7.4c.yqs:26;sys/yqshortcut.txt:46;sys/yqpanel.txt:36
yq_gridaxis,yq_gridaxis,command,main,walls_openings,Create Grid Axis,zxw,missing_specialized,,"Create Grid Axis — preserve the documented operation, not merely a manually reproducible drawing.","Missing construction-grid generator, axis numbering and coordinated architectural dimension strings.",src/app/features.ts;src/commands/index.ts;src/commands/architecture.ts:12;src/commands/architectureOpenings.ts:40;src/geometry/walls.ts:1,sys/shortcut_6.7.4c.yqs:27;sys/yqshortcut.txt:47;sys/yqpanel.txt:37
yq_wall,yq_wall,command,main,walls_openings,Create Wall,ww,partial,WALL;WALLRECT;WALLCLEAN;WALLRESTORE,"Create Wall — preserve the documented operation, not merely a manually reproducible drawing.","Straight two-face paths and joined corners exist. ARC-007 implements explicit reversible T/X and native-column face-cleanup LINE snapshots; final CI/raw visual review pending. Automatic cleanup while drawing/new-neighbor network repair, curved walls and corner openings remain absent; experimental and no general parity.",src/commands/architecture.ts;src/commands/wallCleanup.ts;src/model/wallCleanup.ts;src/geometry/wallCleanup.ts,sys/shortcut_6.7.4c.yqs:29;sys/yqshortcut.txt:49;sys/yqpanel.txt:39
yq_trim_fix_wall,yq_trim_fix_wall,command,main,walls_openings,Wall Scissor,tw,partial,WALLCLEAN;WALLRESTORE,"Wall Scissor — preserve the documented operation, not merely a manually reproducible drawing.","ARC-007 implements explicit reversible T/X junction cleanup and exact native-column face trimming as LINE snapshots. All restores erased/ungrouped outputs; edited/ambiguous outputs survive. Final CI/raw visual review pending. Automatic network/new-neighbor repair, curved walls and corner openings remain absent; TW is not an alias and no general parity is claimed.",src/commands/wallCleanup.ts;src/model/wallCleanup.ts;src/geometry/wallCleanup.ts;docs/wall-cleanup-guide.md,sys/shortcut_6.7.4c.yqs:30;sys/yqshortcut.txt:50;sys/yqpanel.txt:40
yq_wall_chgthk,yq_wall_chgthk,command,main,walls_openings,Edit Wall Thickness,wwt,missing_specialized,,"Edit Wall Thickness — preserve the documented operation, not merely a manually reproducible drawing.","Missing wall-network topology, intersection cleanup, column subtraction, clearance offsets and healing operations.",src/app/features.ts;src/commands/index.ts;src/commands/architecture.ts:12;src/commands/architectureOpenings.ts:40;src/geometry/walls.ts:1,sys/shortcut_6.7.4c.yqs:31;sys/yqshortcut.txt:51;sys/yqpanel.txt:41
yq_line2wall,yq_line2wall,command,main,walls_openings,Lines to Walls,xww,partial,WALLCONVERT,"Lines to Walls — preserve the documented operation, not merely a manually reproducible drawing.","Converts straight lines/polylines. Arcs, curved polylines and automatic wall/column intersection cleanup are not supported.",src/commands/architecture.ts;src/commands/architecture.ts:12;src/commands/architectureOpenings.ts:40;src/geometry/walls.ts:1,sys/shortcut_6.7.4c.yqs:32;sys/yqshortcut.txt:52;sys/yqpanel.txt:42
yq_wall_cdoffset,yq_wall_cdoffset,command,main,walls_openings,Wall Offseting,wwo,missing_specialized,,"Wall Offseting — preserve the documented operation, not merely a manually reproducible drawing.","Missing wall-network topology, intersection cleanup, column subtraction, clearance offsets and healing operations.",src/app/features.ts;src/commands/index.ts;src/commands/architecture.ts:12;src/commands/architectureOpenings.ts:40;src/geometry/walls.ts:1,sys/shortcut_6.7.4c.yqs:33;sys/yqshortcut.txt:53;sys/yqpanel.txt:43
yq_wall2axis,yq_wall2axis,command,main,walls_openings,Rebuilt Wall Axis,wwa,missing_specialized,,"Rebuilt Wall Axis — preserve the documented operation, not merely a manually reproducible drawing.","Missing wall-network topology, intersection cleanup, column subtraction, clearance offsets and healing operations.",src/app/features.ts;src/commands/index.ts;src/commands/architecture.ts:12;src/commands/architectureOpenings.ts:40;src/geometry/walls.ts:1,sys/shortcut_6.7.4c.yqs:35;sys/yqshortcut.txt:55;sys/yqpanel.txt:45
yq_fill_wall,yq_fill_wall,command,main,walls_openings,Fill in Walls/Columns,wwf,missing_specialized,,"Fill in Walls/Columns — preserve the documented operation, not merely a manually reproducible drawing.",No dedicated architectural generator/editor for this outcome is present in the registered FModel command surface. Drawing the result manually or inserting a generic block is not equivalent.,src/commands/architecture.ts;src/commands/architectureOpenings.ts;src/commands/index.ts;src/app/features.ts;src/commands/architecture.ts:12;src/commands/architectureOpenings.ts:40;src/geometry/walls.ts:1,sys/shortcut_6.7.4c.yqs:36;sys/yqshortcut.txt:56;sys/yqpanel.txt:46
yq_r_column,yq_r_column,command,main,walls_openings,Rectangular Column,zzr,missing_specialized,,"Rectangular Column — preserve the documented operation, not merely a manually reproducible drawing.","Missing wall-network topology, intersection cleanup, column subtraction, clearance offsets and healing operations.",src/app/features.ts;src/commands/index.ts;src/commands/architecture.ts:12;src/commands/architectureOpenings.ts:40;src/geometry/walls.ts:1,sys/shortcut_6.7.4c.yqs:38;sys/yqshortcut.txt:58;sys/yqpanel.txt:48
yq_o_column,yq_o_column,command,main,walls_openings,O Shape Column,zzc,missing_specialized,,"O Shape Column — preserve the documented operation, not merely a manually reproducible drawing.","Missing wall-network topology, intersection cleanup, column subtraction, clearance offsets and healing operations.",src/app/features.ts;src/commands/index.ts;src/commands/architecture.ts:12;src/commands/architectureOpenings.ts:40;src/geometry/walls.ts:1,sys/shortcut_6.7.4c.yqs:39;sys/yqshortcut.txt:59;sys/yqpanel.txt:49
yq_l_column,yq_l_column,command,main,walls_openings,L Shape Column,zzl,missing_specialized,,"L Shape Column — preserve the documented operation, not merely a manually reproducible drawing.","Missing wall-network topology, intersection cleanup, column subtraction, clearance offsets and healing operations.",src/app/features.ts;src/commands/index.ts;src/commands/architecture.ts:12;src/commands/architectureOpenings.ts:40;src/geometry/walls.ts:1,sys/shortcut_6.7.4c.yqs:40;sys/yqshortcut.txt:60;sys/yqpanel.txt:50
yq_t_column,yq_t_column,command,main,walls_openings,T Shape Column,zzt,missing_specialized,,"T Shape Column — preserve the documented operation, not merely a manually reproducible drawing.","Missing wall-network topology, intersection cleanup, column subtraction, clearance offsets and healing operations.",src/app/features.ts;src/commands/index.ts;src/commands/architecture.ts:12;src/commands/architectureOpenings.ts:40;src/geometry/walls.ts:1,sys/shortcut_6.7.4c.yqs:41;sys/yqshortcut.txt:61;sys/yqpanel.txt:51
yq_c_column,yq_c_column,command,main,walls_openings,+ Shape Column,zzx,missing_specialized,,"+ Shape Column — preserve the documented operation, not merely a manually reproducible drawing.","Missing wall-network topology, intersection cleanup, column subtraction, clearance offsets and healing operations.",src/app/features.ts;src/commands/index.ts;src/commands/architecture.ts:12;src/commands/architectureOpenings.ts:40;src/geometry/walls.ts:1,sys/shortcut_6.7.4c.yqs:42;sys/yqshortcut.txt:62;sys/yqpanel.txt:52
yq_axis_column,yq_axis_column,command,main,walls_openings,Arrange Columns,zzbz,missing_specialized,,"Arrange Columns — preserve the documented operation, not merely a manually reproducible drawing.","Missing wall-network topology, intersection cleanup, column subtraction, clearance offsets and healing operations.",src/app/features.ts;src/commands/index.ts;src/commands/architecture.ts:12;src/commands/architectureOpenings.ts:40;src/geometry/walls.ts:1,sys/shortcut_6.7.4c.yqs:44;sys/yqshortcut.txt:64;sys/yqpanel.txt:54
yq_pline2column,yq_pline2column,command,main,walls_openings,Convert to Column,xxzz,missing_specialized,,"Convert to Column — preserve the documented operation, not merely a manually reproducible drawing.","Missing wall-network topology, intersection cleanup, column subtraction, clearance offsets and healing operations.",src/app/features.ts;src/commands/index.ts;src/commands/architecture.ts:12;src/commands/architectureOpenings.ts:40;src/geometry/walls.ts:1,sys/shortcut_6.7.4c.yqs:45;sys/yqshortcut.txt:65;sys/yqpanel.txt:55
yq_fill_column,yq_fill_column,command,main,walls_openings,Fill in Columns,zzf,missing_specialized,,"Fill in Columns — preserve the documented operation, not merely a manually reproducible drawing.",No dedicated architectural generator/editor for this outcome is present in the registered FModel command surface. Drawing the result manually or inserting a generic block is not equivalent.,src/commands/architecture.ts;src/commands/architectureOpenings.ts;src/commands/index.ts;src/app/features.ts;src/commands/architecture.ts:12;src/commands/architectureOpenings.ts:40;src/geometry/walls.ts:1,sys/shortcut_6.7.4c.yqs:46;sys/yqshortcut.txt:66;sys/yqpanel.txt:56
yq_erase_wall,yq_erase_wall,command,main,walls_openings,Erase architectural objects and repair walls,ew,missing_specialized,,"Erase architectural objects and repair walls — preserve the documented operation, not merely a manually reproducible drawing.","Missing wall-network topology, intersection cleanup, column subtraction, clearance offsets and healing operations.",src/app/features.ts;src/commands/index.ts;src/commands/architecture.ts:12;src/commands/architectureOpenings.ts:40;src/geometry/walls.ts:1,sys/shortcut_6.7.4c.yqs:48;sys/yqshortcut.txt:68;sys/yqpanel.txt:58
yq_windowdoor,yq_windowdoor,group_launcher,main,walls_openings,[Plane Window/Door] Command List,mmm,navigation,HELP,"[Plane Window/Door] Command List — preserve the documented operation, not merely a manually reproducible drawing.","Category launcher, not an independent geometric capability. FModel provides command search/navigation.",src/commands/utility.ts;src/commands/architecture.ts:12;src/commands/architectureOpenings.ts:40;src/geometry/walls.ts:1,sys/shortcut_6.7.4c.yqs:50;sys/yqshortcut.txt:72
yq_hole_door,yq_hole_door,command,main,walls_openings,Open Door,ad,partial,WALLDOOR,"Open Door — preserve the documented operation, not merely a manually reproducible drawing.","Cuts a straight-wall opening and draws a fixed 90-degree leaf/arc. No persistent opening association, curved-wall insertion or style catalog parity.",src/commands/architectureOpenings.ts;src/commands/architecture.ts:12;src/commands/architectureOpenings.ts:40;src/geometry/walls.ts:1,sys/shortcut_6.7.4c.yqs:51;sys/yqshortcut.txt:74;sys/yqpanel.txt:61
yq_door,yq_door,command,main,walls_openings,Create a Door,ad2,missing_specialized,,"Create a Door — preserve the documented operation, not merely a manually reproducible drawing.",No dedicated architectural generator/editor for this outcome is present in the registered FModel command surface. Drawing the result manually or inserting a generic block is not equivalent.,src/commands/architecture.ts;src/commands/architectureOpenings.ts;src/commands/index.ts;src/app/features.ts;src/commands/architecture.ts:12;src/commands/architectureOpenings.ts:40;src/geometry/walls.ts:1,sys/shortcut_6.7.4c.yqs:52;sys/yqshortcut.txt:75;sys/yqpanel.txt:62
yq_hole_win,yq_hole_win,command,main,walls_openings,Open Window,aw,partial,WALLWINDOW,"Open Window — preserve the documented operation, not merely a manually reproducible drawing.","Cuts a straight-wall opening with jambs/frame. No corner windows, configurable parametric families or persistent opening association.",src/commands/architectureOpenings.ts;src/commands/architecture.ts:12;src/commands/architectureOpenings.ts:40;src/geometry/walls.ts:1,sys/shortcut_6.7.4c.yqs:53;sys/yqshortcut.txt:76;sys/yqpanel.txt:63
yq_win,yq_win,command,main,walls_openings,Create a Window,aw2,missing_specialized,,"Create a Window — preserve the documented operation, not merely a manually reproducible drawing.",No dedicated architectural generator/editor for this outcome is present in the registered FModel command surface. Drawing the result manually or inserting a generic block is not equivalent.,src/commands/architecture.ts;src/commands/architectureOpenings.ts;src/commands/index.ts;src/app/features.ts;src/commands/architecture.ts:12;src/commands/architectureOpenings.ts:40;src/geometry/walls.ts:1,sys/shortcut_6.7.4c.yqs:54;sys/yqshortcut.txt:77;sys/yqpanel.txt:64
yq_windoor_replace,yq_windoor_replace,command,main,walls_openings,Replace Window/Door,td,missing_specialized,,"Replace Window/Door — preserve the documented operation, not merely a manually reproducible drawing.",Missing semantic opening edits and schedules. Generic transforms or erase do not repair the host wall or preserve opening relations.,src/app/features.ts;src/commands/index.ts;src/commands/architecture.ts:12;src/commands/architectureOpenings.ts:40;src/geometry/walls.ts:1,sys/shortcut_6.7.4c.yqs:55;sys/yqshortcut.txt:78;sys/yqpanel.txt:65
yq_hole,yq_hole,command,main,walls_openings,Auto Open Hole,ho,missing_specialized,,"Auto Open Hole — preserve the documented operation, not merely a manually reproducible drawing.",No dedicated architectural generator/editor for this outcome is present in the registered FModel command surface. Drawing the result manually or inserting a generic block is not equivalent.,src/commands/architecture.ts;src/commands/architectureOpenings.ts;src/commands/index.ts;src/app/features.ts;src/commands/architecture.ts:12;src/commands/architectureOpenings.ts:40;src/geometry/walls.ts:1,sys/shortcut_6.7.4c.yqs:56;sys/yqshortcut.txt:79;sys/yqpanel.txt:66
yq_hole_pocketdoor,yq_hole_pocketdoor,command,main,walls_openings,Open Pocket Door,adt,missing_specialized,,"Open Pocket Door — preserve the documented operation, not merely a manually reproducible drawing.",No dedicated architectural generator/editor for this outcome is present in the registered FModel command surface. Drawing the result manually or inserting a generic block is not equivalent.,src/commands/architecture.ts;src/commands/architectureOpenings.ts;src/commands/index.ts;src/app/features.ts;src/commands/architecture.ts:12;src/commands/architectureOpenings.ts:40;src/geometry/walls.ts:1,sys/shortcut_6.7.4c.yqs:58;sys/yqshortcut.txt:81;sys/yqpanel.txt:68
yq_pocketdoor,yq_pocketdoor,command,main,walls_openings,Create a Pocket Door,adt2,missing_specialized,,"Create a Pocket Door — preserve the documented operation, not merely a manually reproducible drawing.",No dedicated architectural generator/editor for this outcome is present in the registered FModel command surface. Drawing the result manually or inserting a generic block is not equivalent.,src/commands/architecture.ts;src/commands/architectureOpenings.ts;src/commands/index.ts;src/app/features.ts;src/commands/architecture.ts:12;src/commands/architectureOpenings.ts:40;src/geometry/walls.ts:1,sys/shortcut_6.7.4c.yqs:59;sys/yqshortcut.txt:82;sys/yqpanel.txt:69
yq_pocketdoor_replace,yq_pocketdoor_replace,command,main,walls_openings,Replace by Pocket Door,tdd,missing_specialized,,"Replace by Pocket Door — preserve the documented operation, not merely a manually reproducible drawing.",Missing semantic opening edits and schedules. Generic transforms or erase do not repair the host wall or preserve opening relations.,src/app/features.ts;src/commands/index.ts;src/commands/architecture.ts:12;src/commands/architectureOpenings.ts:40;src/geometry/walls.ts:1,sys/shortcut_6.7.4c.yqs:60;sys/yqshortcut.txt:83;sys/yqpanel.txt:70
yq_hole_window,yq_hole_window,command,main,walls_openings,Open Param Window,wd,partial,WALLWINDOW,"Open Param Window — preserve the documented operation, not merely a manually reproducible drawing.","Cuts a straight-wall opening with jambs/frame. No corner windows, configurable parametric families or persistent opening association.",src/commands/architectureOpenings.ts;src/commands/architecture.ts:12;src/commands/architectureOpenings.ts:40;src/geometry/walls.ts:1,sys/shortcut_6.7.4c.yqs:62;sys/yqshortcut.txt:85;sys/yqpanel.txt:72
yq_window,yq_window,command,main,walls_openings,Create a Param Window,wd2,missing_specialized,,"Create a Param Window — preserve the documented operation, not merely a manually reproducible drawing.",No dedicated architectural generator/editor for this outcome is present in the registered FModel command surface. Drawing the result manually or inserting a generic block is not equivalent.,src/commands/architecture.ts;src/commands/architectureOpenings.ts;src/commands/index.ts;src/app/features.ts;src/commands/architecture.ts:12;src/commands/architectureOpenings.ts:40;src/geometry/walls.ts:1,sys/shortcut_6.7.4c.yqs:63;sys/yqshortcut.txt:86;sys/yqpanel.txt:73
yq_window_replace,yq_window_replace,command,main,walls_openings,Replace by Param Window,tdw,missing_specialized,,"Replace by Param Window — preserve the documented operation, not merely a manually reproducible drawing.",Missing semantic opening edits and schedules. Generic transforms or erase do not repair the host wall or preserve opening relations.,src/app/features.ts;src/commands/index.ts;src/commands/architecture.ts:12;src/commands/architectureOpenings.ts:40;src/geometry/walls.ts:1,sys/shortcut_6.7.4c.yqs:64;sys/yqshortcut.txt:87;sys/yqpanel.txt:74
yq_hole_cornerwindow,yq_hole_cornerwindow,command,main,walls_openings,Open Corner Window,wdz,missing_specialized,,"Open Corner Window — preserve the documented operation, not merely a manually reproducible drawing.",No dedicated architectural generator/editor for this outcome is present in the registered FModel command surface. Drawing the result manually or inserting a generic block is not equivalent.,src/commands/architecture.ts;src/commands/architectureOpenings.ts;src/commands/index.ts;src/app/features.ts;src/commands/architecture.ts:12;src/commands/architectureOpenings.ts:40;src/geometry/walls.ts:1,sys/shortcut_6.7.4c.yqs:66;sys/yqshortcut.txt:89;sys/yqpanel.txt:76
yq_cwindow_replace,yq_cwindow_replace,command,main,walls_openings,Replace Corner Window,tdz,missing_specialized,,"Replace Corner Window — preserve the documented operation, not merely a manually reproducible drawing.",Missing semantic opening edits and schedules. Generic transforms or erase do not repair the host wall or preserve opening relations.,src/app/features.ts;src/commands/index.ts;src/commands/architecture.ts:12;src/commands/architectureOpenings.ts:40;src/geometry/walls.ts:1,sys/shortcut_6.7.4c.yqs:67;sys/yqshortcut.txt:90;sys/yqpanel.txt:77
yq_doorsill,yq_doorsill,command,main,walls_openings,Doorsill Manager,mkx,missing_specialized,,"Doorsill Manager — preserve the documented operation, not merely a manually reproducible drawing.",Missing semantic opening edits and schedules. Generic transforms or erase do not repair the host wall or preserve opening relations.,src/app/features.ts;src/commands/index.ts;src/commands/architecture.ts:12;src/commands/architectureOpenings.ts:40;src/geometry/walls.ts:1,sys/shortcut_6.7.4c.yqs:69;sys/yqshortcut.txt:92;sys/yqpanel.txt:79
yq_dooropening,yq_dooropening,command,main,walls_openings,Door Opening Manager,mdx,missing_specialized,,"Door Opening Manager — preserve the documented operation, not merely a manually reproducible drawing.",Missing semantic opening edits and schedules. Generic transforms or erase do not repair the host wall or preserve opening relations.,src/app/features.ts;src/commands/index.ts;src/commands/architecture.ts:12;src/commands/architectureOpenings.ts:40;src/geometry/walls.ts:1,sys/shortcut_6.7.4c.yqs:70;sys/yqshortcut.txt:93;sys/yqpanel.txt:80
yq_line2window,yq_line2window,command,main,walls_openings,Lines to Windows,xwd,missing_specialized,,"Lines to Windows — preserve the documented operation, not merely a manually reproducible drawing.",Missing semantic opening edits and schedules. Generic transforms or erase do not repair the host wall or preserve opening relations.,src/app/features.ts;src/commands/index.ts;src/commands/architecture.ts:12;src/commands/architectureOpenings.ts:40;src/geometry/walls.ts:1,sys/shortcut_6.7.4c.yqs:72;sys/yqshortcut.txt:95;sys/yqpanel.txt:82
yq_width_windoor,yq_width_windoor,command,main,walls_openings,Edit Window/Door Width,cw,missing_specialized,,"Edit Window/Door Width — preserve the documented operation, not merely a manually reproducible drawing.",Missing semantic opening edits and schedules. Generic transforms or erase do not repair the host wall or preserve opening relations.,src/app/features.ts;src/commands/index.ts;src/commands/architecture.ts:12;src/commands/architectureOpenings.ts:40;src/geometry/walls.ts:1,sys/shortcut_6.7.4c.yqs:73;sys/yqshortcut.txt:96;sys/yqpanel.txt:83
yq_move_windoor,yq_move_windoor,command,main,walls_openings,Move Window/Door,vw,missing_specialized,,"Move Window/Door — preserve the documented operation, not merely a manually reproducible drawing.",Missing semantic opening edits and schedules. Generic transforms or erase do not repair the host wall or preserve opening relations.,src/app/features.ts;src/commands/index.ts;src/commands/architecture.ts:12;src/commands/architectureOpenings.ts:40;src/geometry/walls.ts:1,sys/shortcut_6.7.4c.yqs:74;sys/yqshortcut.txt:98;sys/yqpanel.txt:84
yq_repair,yq_repair,command,main,walls_openings,Repair Win/Door/Column,xf,missing_specialized,,"Repair Win/Door/Column — preserve the documented operation, not merely a manually reproducible drawing.",Missing semantic opening edits and schedules. Generic transforms or erase do not repair the host wall or preserve opening relations.,src/app/features.ts;src/commands/index.ts;src/commands/architecture.ts:12;src/commands/architectureOpenings.ts:40;src/geometry/walls.ts:1,sys/shortcut_6.7.4c.yqs:76;sys/yqshortcut.txt:100;sys/yqpanel.txt:86
yq_moveandfix,yq_moveandfix,command,main,walls_openings,Move and Fix,vx,missing_specialized,,"Move and Fix — preserve the documented operation, not merely a manually reproducible drawing.",Missing semantic opening edits and schedules. Generic transforms or erase do not repair the host wall or preserve opening relations.,src/app/features.ts;src/commands/index.ts;src/commands/architecture.ts:12;src/commands/architectureOpenings.ts:40;src/geometry/walls.ts:1,sys/shortcut_6.7.4c.yqs:77;sys/yqshortcut.txt:101;sys/yqpanel.txt:87
yq_copyandfix,yq_copyandfix,command,main,walls_openings,Copy and Fix,cx,missing_specialized,,"Copy and Fix — preserve the documented operation, not merely a manually reproducible drawing.",Missing semantic opening edits and schedules. Generic transforms or erase do not repair the host wall or preserve opening relations.,src/app/features.ts;src/commands/index.ts;src/commands/architecture.ts:12;src/commands/architectureOpenings.ts:40;src/geometry/walls.ts:1,sys/shortcut_6.7.4c.yqs:78;sys/yqshortcut.txt:102;sys/yqpanel.txt:88
yq_mirrorandfix,yq_mirrorandfix,command,main,walls_openings,Mirror and Fix,rrx,missing_specialized,,"Mirror and Fix — preserve the documented operation, not merely a manually reproducible drawing.",Missing semantic opening edits and schedules. Generic transforms or erase do not repair the host wall or preserve opening relations.,src/app/features.ts;src/commands/index.ts;src/commands/architecture.ts:12;src/commands/architectureOpenings.ts:40;src/geometry/walls.ts:1,sys/shortcut_6.7.4c.yqs:79;sys/yqshortcut.txt:103;sys/yqpanel.txt:89
yq_winserialnumber,yq_winserialnumber,command,main,walls_openings,Window Serial Number,wbh,missing_specialized,,"Window Serial Number — preserve the documented operation, not merely a manually reproducible drawing.",Missing semantic opening edits and schedules. Generic transforms or erase do not repair the host wall or preserve opening relations.,src/app/features.ts;src/commands/index.ts;src/commands/architecture.ts:12;src/commands/architectureOpenings.ts:40;src/geometry/walls.ts:1,sys/shortcut_6.7.4c.yqs:81;sys/yqshortcut.txt:105;sys/yqpanel.txt:91
yq_components,yq_components,group_launcher,main,construction_components,[Building Components] Command List,ggg,navigation,HELP,"[Building Components] Command List — preserve the documented operation, not merely a manually reproducible drawing.","Category launcher, not an independent geometric capability. FModel provides command search/navigation.",src/commands/utility.ts;src/commands/index.ts:23;src/app/features.ts:51,sys/shortcut_6.7.4c.yqs:83;sys/yqshortcut.txt:109
yq_sldcomponents,yq_sldcomponents,command,main,construction_components,Browse Arch Components,gj,partial,BLOCKSPALETTE;INSERT;LIBRARYSTARTER,"Browse Arch Components — preserve the documented operation, not merely a manually reproducible drawing.","Native library and some parametric furniture exist. Specialized arrangements/generators, selections and supplied YQArch assets are not equivalent.",src/commands/utility.ts;src/commands/blocks.ts;src/commands/library.ts;src/commands/index.ts:23;src/app/features.ts:51,sys/shortcut_6.7.4c.yqs:84;sys/yqshortcut.txt:111;sys/yqpanel.txt:94
yq_escalator,yq_escalator,command,main,construction_components,Plan/Elev Escalator,ltf,missing_specialized,,"Plan/Elev Escalator — preserve the documented operation, not merely a manually reproducible drawing.",No dedicated architectural generator/editor for this outcome is present in the registered FModel command surface. Drawing the result manually or inserting a generic block is not equivalent.,src/commands/architecture.ts;src/commands/architectureOpenings.ts;src/commands/index.ts;src/app/features.ts;src/commands/index.ts:23;src/app/features.ts:51,sys/shortcut_6.7.4c.yqs:86;sys/yqshortcut.txt:113;sys/yqpanel.txt:96
yq_staircase_plan,yq_staircase_plan,command,main,construction_components,2D plan: Staircase,ltj,missing_specialized,,"2D plan: Staircase — preserve the documented operation, not merely a manually reproducible drawing.",No dedicated architectural generator/editor for this outcome is present in the registered FModel command surface. Drawing the result manually or inserting a generic block is not equivalent.,src/commands/architecture.ts;src/commands/architectureOpenings.ts;src/commands/index.ts;src/app/features.ts;src/commands/index.ts:23;src/app/features.ts:51,sys/shortcut_6.7.4c.yqs:87;sys/yqshortcut.txt:114;sys/yqpanel.txt:97
yq_arcstair_plan,yq_arcstair_plan,command,main,construction_components,2D plan: Arc Staircase,lta,missing_specialized,,"2D plan: Arc Staircase — preserve the documented operation, not merely a manually reproducible drawing.",No dedicated architectural generator/editor for this outcome is present in the registered FModel command surface. Drawing the result manually or inserting a generic block is not equivalent.,src/commands/architecture.ts;src/commands/architectureOpenings.ts;src/commands/index.ts;src/app/features.ts;src/commands/index.ts:23;src/app/features.ts:51,sys/shortcut_6.7.4c.yqs:88;sys/yqshortcut.txt:115;sys/yqpanel.txt:98
yq_lift_plan,yq_lift_plan,command,main,construction_components,2D plan: Elevator,dtj,missing_specialized,,"2D plan: Elevator — preserve the documented operation, not merely a manually reproducible drawing.",No dedicated architectural generator/editor for this outcome is present in the registered FModel command surface. Drawing the result manually or inserting a generic block is not equivalent.,src/commands/architecture.ts;src/commands/architectureOpenings.ts;src/commands/index.ts;src/app/features.ts;src/commands/index.ts:23;src/app/features.ts:51,sys/shortcut_6.7.4c.yqs:89;sys/yqshortcut.txt:116;sys/yqpanel.txt:99
yq_door_elevation,yq_door_elevation,command,main,construction_components,2D elevation: Door,ade,missing_specialized,,"2D elevation: Door — preserve the documented operation, not merely a manually reproducible drawing.",No dedicated architectural generator/editor for this outcome is present in the registered FModel command surface. Drawing the result manually or inserting a generic block is not equivalent.,src/commands/architecture.ts;src/commands/architectureOpenings.ts;src/commands/index.ts;src/app/features.ts;src/commands/index.ts:23;src/app/features.ts:51,sys/shortcut_6.7.4c.yqs:91;sys/yqshortcut.txt:118;sys/yqpanel.txt:101
yq_door_section,yq_door_section,command,main,construction_components,2D section: Door,ads,missing_specialized,,"2D section: Door — preserve the documented operation, not merely a manually reproducible drawing.",No dedicated architectural generator/editor for this outcome is present in the registered FModel command surface. Drawing the result manually or inserting a generic block is not equivalent.,src/commands/architecture.ts;src/commands/architectureOpenings.ts;src/commands/index.ts;src/app/features.ts;src/commands/index.ts:23;src/app/features.ts:51,sys/shortcut_6.7.4c.yqs:92;sys/yqshortcut.txt:119;sys/yqpanel.txt:102
yq_baywin_section,yq_baywin_section,command,main,construction_components,2D section: Bay Window,wts,missing_specialized,,"2D section: Bay Window — preserve the documented operation, not merely a manually reproducible drawing.",No dedicated architectural generator/editor for this outcome is present in the registered FModel command surface. Drawing the result manually or inserting a generic block is not equivalent.,src/commands/architecture.ts;src/commands/architectureOpenings.ts;src/commands/index.ts;src/app/features.ts;src/commands/index.ts:23;src/app/features.ts:51,sys/shortcut_6.7.4c.yqs:93;sys/yqshortcut.txt:120;sys/yqpanel.txt:103
yq_window_elevation,yq_window_elevation,command,main,construction_components,2D elevation: Window,wde,missing_specialized,,"2D elevation: Window — preserve the documented operation, not merely a manually reproducible drawing.",No dedicated architectural generator/editor for this outcome is present in the registered FModel command surface. Drawing the result manually or inserting a generic block is not equivalent.,src/commands/architecture.ts;src/commands/architectureOpenings.ts;src/commands/index.ts;src/app/features.ts;src/commands/index.ts:23;src/app/features.ts:51,sys/shortcut_6.7.4c.yqs:94;sys/yqshortcut.txt:121;sys/yqpanel.txt:104
yq_window_section,yq_window_section,command,main,construction_components,2D section: Window,wds,missing_specialized,,"2D section: Window — preserve the documented operation, not merely a manually reproducible drawing.",No dedicated architectural generator/editor for this outcome is present in the registered FModel command surface. Drawing the result manually or inserting a generic block is not equivalent.,src/commands/architecture.ts;src/commands/architectureOpenings.ts;src/commands/index.ts;src/app/features.ts;src/commands/index.ts:23;src/app/features.ts:51,sys/shortcut_6.7.4c.yqs:95;sys/yqshortcut.txt:122;sys/yqpanel.txt:105
yq_shutter,yq_shutter,command,main,construction_components,Elev/Sect of Shutter,by,missing_specialized,,"Elev/Sect of Shutter — preserve the documented operation, not merely a manually reproducible drawing.",No dedicated architectural generator/editor for this outcome is present in the registered FModel command surface. Drawing the result manually or inserting a generic block is not equivalent.,src/commands/architecture.ts;src/commands/architectureOpenings.ts;src/commands/index.ts;src/app/features.ts;src/commands/index.ts:23;src/app/features.ts:51,sys/shortcut_6.7.4c.yqs:96;sys/yqshortcut.txt:123;sys/yqpanel.txt:106
yq_curtainglass,yq_curtainglass,command,main,construction_components,Curtain Wall Glass,mbl,missing_specialized,,"Curtain Wall Glass — preserve the documented operation, not merely a manually reproducible drawing.",No dedicated architectural generator/editor for this outcome is present in the registered FModel command surface. Drawing the result manually or inserting a generic block is not equivalent.,src/commands/architecture.ts;src/commands/architectureOpenings.ts;src/commands/index.ts;src/app/features.ts;src/commands/index.ts:23;src/app/features.ts:51,sys/shortcut_6.7.4c.yqs:97;sys/yqshortcut.txt:124;sys/yqpanel.txt:107
yq_lines2winelev,yq_lines2winelev,command,main,construction_components,Lines to WIN Elevation,wdd,missing_specialized,,"Lines to WIN Elevation — preserve the documented operation, not merely a manually reproducible drawing.",No dedicated architectural generator/editor for this outcome is present in the registered FModel command surface. Drawing the result manually or inserting a generic block is not equivalent.,src/commands/architecture.ts;src/commands/architectureOpenings.ts;src/commands/index.ts;src/app/features.ts;src/commands/index.ts:23;src/app/features.ts:51,sys/shortcut_6.7.4c.yqs:99;sys/yqshortcut.txt:126;sys/yqpanel.txt:109
yq_sn2winelev,yq_sn2winelev,command,main,construction_components,WINDOW/DOOR SN. to Elev.,t2w,missing_specialized,,"WINDOW/DOOR SN. to Elev. — preserve the documented operation, not merely a manually reproducible drawing.",No dedicated architectural generator/editor for this outcome is present in the registered FModel command surface. Drawing the result manually or inserting a generic block is not equivalent.,src/commands/architecture.ts;src/commands/architectureOpenings.ts;src/commands/index.ts;src/app/features.ts;src/commands/index.ts:23;src/app/features.ts:51,sys/shortcut_6.7.4c.yqs:100;sys/yqshortcut.txt:127;sys/yqpanel.txt:110
yq_curtainwall,yq_curtainwall,command,main,construction_components,Elevation Curtain Wall,mq,missing_specialized,,"Elevation Curtain Wall — preserve the documented operation, not merely a manually reproducible drawing.",No dedicated architectural generator/editor for this outcome is present in the registered FModel command surface. Drawing the result manually or inserting a generic block is not equivalent.,src/commands/architecture.ts;src/commands/architectureOpenings.ts;src/commands/index.ts;src/app/features.ts;src/commands/index.ts:23;src/app/features.ts:51,sys/shortcut_6.7.4c.yqs:101;sys/yqshortcut.txt:128;sys/yqpanel.txt:111
yq_glass_partition,yq_glass_partition,command,main,construction_components,2D section: Partition,mqs,missing_specialized,,"2D section: Partition — preserve the documented operation, not merely a manually reproducible drawing.",No dedicated architectural generator/editor for this outcome is present in the registered FModel command surface. Drawing the result manually or inserting a generic block is not equivalent.,src/commands/architecture.ts;src/commands/architectureOpenings.ts;src/commands/index.ts;src/app/features.ts;src/commands/index.ts:23;src/app/features.ts:51,sys/shortcut_6.7.4c.yqs:102;sys/yqshortcut.txt:129;sys/yqpanel.txt:112
yq_banister,yq_banister,command,main,construction_components,Elevation Banister,lg,missing_specialized,,"Elevation Banister — preserve the documented operation, not merely a manually reproducible drawing.",No dedicated architectural generator/editor for this outcome is present in the registered FModel command surface. Drawing the result manually or inserting a generic block is not equivalent.,src/commands/architecture.ts;src/commands/architectureOpenings.ts;src/commands/index.ts;src/app/features.ts;src/commands/index.ts:23;src/app/features.ts:51,sys/shortcut_6.7.4c.yqs:103;sys/yqshortcut.txt:130;sys/yqpanel.txt:113
yq_staircase_section,yq_staircase_section,command,main,construction_components,2D section: Staircase,ltp,missing_specialized,,"2D section: Staircase — preserve the documented operation, not merely a manually reproducible drawing.",No dedicated architectural generator/editor for this outcome is present in the registered FModel command surface. Drawing the result manually or inserting a generic block is not equivalent.,src/commands/architecture.ts;src/commands/architectureOpenings.ts;src/commands/index.ts;src/app/features.ts;src/commands/index.ts:23;src/app/features.ts:51,sys/shortcut_6.7.4c.yqs:105;sys/yqshortcut.txt:132;sys/yqpanel.txt:115
yq_step_section,yq_step_section,command,main,construction_components,2D section: Steps,lxtb,missing_specialized,,"2D section: Steps — preserve the documented operation, not merely a manually reproducible drawing.",No dedicated architectural generator/editor for this outcome is present in the registered FModel command surface. Drawing the result manually or inserting a generic block is not equivalent.,src/commands/architecture.ts;src/commands/architectureOpenings.ts;src/commands/index.ts;src/app/features.ts;src/commands/index.ts:23;src/app/features.ts:51,sys/shortcut_6.7.4c.yqs:106;sys/yqshortcut.txt:133;sys/yqpanel.txt:116
yq_waterproof,yq_waterproof,command,main,construction_components,2D section: Waterproof,fsc,missing_specialized,,"2D section: Waterproof — preserve the documented operation, not merely a manually reproducible drawing.",No dedicated architectural generator/editor for this outcome is present in the registered FModel command surface. Drawing the result manually or inserting a generic block is not equivalent.,src/commands/architecture.ts;src/commands/architectureOpenings.ts;src/commands/index.ts;src/app/features.ts;src/commands/index.ts:23;src/app/features.ts:51,sys/shortcut_6.7.4c.yqs:108;sys/yqshortcut.txt:135;sys/yqpanel.txt:118
yq_stucco,yq_stucco,command,main,construction_components,2D section: Stucco,fn,missing_specialized,,"2D section: Stucco — preserve the documented operation, not merely a manually reproducible drawing.",No dedicated architectural generator/editor for this outcome is present in the registered FModel command surface. Drawing the result manually or inserting a generic block is not equivalent.,src/commands/architecture.ts;src/commands/architectureOpenings.ts;src/commands/index.ts;src/app/features.ts;src/commands/index.ts:23;src/app/features.ts:51,sys/shortcut_6.7.4c.yqs:109;sys/yqshortcut.txt:136;sys/yqpanel.txt:119
yq_decoration,yq_decoration,group_launcher,main,construction_components,[Decoration Components] Command List,zzz,navigation,HELP,"[Decoration Components] Command List — preserve the documented operation, not merely a manually reproducible drawing.","Category launcher, not an independent geometric capability. FModel provides command search/navigation.",src/commands/utility.ts;src/commands/index.ts:23;src/app/features.ts:51,sys/shortcut_6.7.4c.yqs:111;sys/yqshortcut.txt:140
yq_slddecoration,yq_slddecoration,command,main,construction_components,Browse Deco Components,zs,partial,BLOCKSPALETTE;INSERT;LIBRARYSTARTER,"Browse Deco Components — preserve the documented operation, not merely a manually reproducible drawing.","Native library and some parametric furniture exist. Specialized arrangements/generators, selections and supplied YQArch assets are not equivalent.",src/commands/utility.ts;src/commands/blocks.ts;src/commands/library.ts;src/commands/index.ts:23;src/app/features.ts:51,sys/shortcut_6.7.4c.yqs:112;sys/yqshortcut.txt:142;sys/yqpanel.txt:122
yq_autofurniture,yq_autofurniture,command,main,construction_components,Auto Arrange Furniture,jj,partial,BLOCKSPALETTE;INSERT;LIBRARYSTARTER,"Auto Arrange Furniture — preserve the documented operation, not merely a manually reproducible drawing.","Native library and some parametric furniture exist. Specialized arrangements/generators, selections and supplied YQArch assets are not equivalent.",src/commands/utility.ts;src/commands/blocks.ts;src/commands/library.ts;src/commands/index.ts:23;src/app/features.ts:51,sys/shortcut_6.7.4c.yqs:114;sys/yqshortcut.txt:144;sys/yqpanel.txt:124
yq_arrangewc,yq_arrangewc,command,main,construction_components,Arrange WC/shower room,wc,missing_specialized,,"Arrange WC/shower room — preserve the documented operation, not merely a manually reproducible drawing.",No dedicated architectural generator/editor for this outcome is present in the registered FModel command surface. Drawing the result manually or inserting a generic block is not equivalent.,src/commands/architecture.ts;src/commands/architectureOpenings.ts;src/commands/index.ts;src/app/features.ts;src/commands/index.ts:23;src/app/features.ts:51,sys/shortcut_6.7.4c.yqs:115;sys/yqshortcut.txt:145;sys/yqpanel.txt:125
yq_chestplan,yq_chestplan,command,main,construction_components,2D plan: Chest,yg,partial,BLOCKSPALETTE;INSERT;LIBRARYSTARTER,"2D plan: Chest — preserve the documented operation, not merely a manually reproducible drawing.","Native library and some parametric furniture exist. Specialized arrangements/generators, selections and supplied YQArch assets are not equivalent.",src/commands/utility.ts;src/commands/blocks.ts;src/commands/library.ts;src/commands/index.ts:23;src/app/features.ts:51,sys/shortcut_6.7.4c.yqs:117;sys/yqshortcut.txt:147;sys/yqpanel.txt:127
yq_curtainplan,yq_curtainplan,command,main,construction_components,2D plan: Curtain,clp,missing_specialized,,"2D plan: Curtain — preserve the documented operation, not merely a manually reproducible drawing.",No dedicated architectural generator/editor for this outcome is present in the registered FModel command surface. Drawing the result manually or inserting a generic block is not equivalent.,src/commands/architecture.ts;src/commands/architectureOpenings.ts;src/commands/index.ts;src/app/features.ts;src/commands/index.ts:23;src/app/features.ts:51,sys/shortcut_6.7.4c.yqs:118;sys/yqshortcut.txt:148;sys/yqpanel.txt:128
yq_plasterstringplan,yq_plasterstringplan,command,main,construction_components,2D plan: Plaster String,sgx,missing_specialized,,"2D plan: Plaster String — preserve the documented operation, not merely a manually reproducible drawing.",No dedicated architectural generator/editor for this outcome is present in the registered FModel command surface. Drawing the result manually or inserting a generic block is not equivalent.,src/commands/architecture.ts;src/commands/architectureOpenings.ts;src/commands/index.ts;src/app/features.ts;src/commands/index.ts:23;src/app/features.ts:51,sys/shortcut_6.7.4c.yqs:119;sys/yqshortcut.txt:149;sys/yqpanel.txt:129
yq_cupboardplan,yq_cupboardplan,command,main,construction_components,2D plan: Cupboard,gz,partial,BLOCKSPALETTE;INSERT;LIBRARYSTARTER,"2D plan: Cupboard — preserve the documented operation, not merely a manually reproducible drawing.","Native library and some parametric furniture exist. Specialized arrangements/generators, selections and supplied YQArch assets are not equivalent.",src/commands/utility.ts;src/commands/blocks.ts;src/commands/library.ts;src/commands/index.ts:23;src/app/features.ts:51,sys/shortcut_6.7.4c.yqs:120;sys/yqshortcut.txt:150;sys/yqpanel.txt:130
yq_cupboardelev,yq_cupboardelev,command,main,construction_components,Elev. of Cupboard,gze,missing_specialized,,"Elev. of Cupboard — preserve the documented operation, not merely a manually reproducible drawing.",No dedicated architectural generator/editor for this outcome is present in the registered FModel command surface. Drawing the result manually or inserting a generic block is not equivalent.,src/commands/architecture.ts;src/commands/architectureOpenings.ts;src/commands/index.ts;src/app/features.ts;src/commands/index.ts:23;src/app/features.ts:51,sys/shortcut_6.7.4c.yqs:121;sys/yqshortcut.txt:151;sys/yqpanel.txt:131
yq_stonetile,yq_stonetile,command,main,construction_components,2D section: Stone Tile,stb,missing_specialized,,"2D section: Stone Tile — preserve the documented operation, not merely a manually reproducible drawing.",No dedicated architectural generator/editor for this outcome is present in the registered FModel command surface. Drawing the result manually or inserting a generic block is not equivalent.,src/commands/architecture.ts;src/commands/architectureOpenings.ts;src/commands/index.ts;src/app/features.ts;src/commands/index.ts:23;src/app/features.ts:51,sys/shortcut_6.7.4c.yqs:123;sys/yqshortcut.txt:153;sys/yqpanel.txt:133
yq_woodenframe,yq_woodenframe,command,main,construction_components,2D section: Wooden Frame,mf,missing_specialized,,"2D section: Wooden Frame — preserve the documented operation, not merely a manually reproducible drawing.",No dedicated architectural generator/editor for this outcome is present in the registered FModel command surface. Drawing the result manually or inserting a generic block is not equivalent.,src/commands/architecture.ts;src/commands/architectureOpenings.ts;src/commands/index.ts;src/app/features.ts;src/commands/index.ts:23;src/app/features.ts:51,sys/shortcut_6.7.4c.yqs:124;sys/yqshortcut.txt:154;sys/yqpanel.txt:134
yq_array_boards,yq_array_boards,command,main,construction_components,Boards Array,cbz,missing_specialized,,"Boards Array — preserve the documented operation, not merely a manually reproducible drawing.",No dedicated architectural generator/editor for this outcome is present in the registered FModel command surface. Drawing the result manually or inserting a generic block is not equivalent.,src/commands/architecture.ts;src/commands/architectureOpenings.ts;src/commands/index.ts;src/app/features.ts;src/commands/index.ts:23;src/app/features.ts:51,sys/shortcut_6.7.4c.yqs:125;sys/yqshortcut.txt:155;sys/yqpanel.txt:135
yq_blockboard,yq_blockboard,command,main,construction_components,2D section: Blockboard,mgb,missing_specialized,,"2D section: Blockboard — preserve the documented operation, not merely a manually reproducible drawing.",No dedicated architectural generator/editor for this outcome is present in the registered FModel command surface. Drawing the result manually or inserting a generic block is not equivalent.,src/commands/architecture.ts;src/commands/architectureOpenings.ts;src/commands/index.ts;src/app/features.ts;src/commands/index.ts:23;src/app/features.ts:51,sys/shortcut_6.7.4c.yqs:127;sys/yqshortcut.txt:157;sys/yqpanel.txt:137
yq_plywood,yq_plywood,command,main,construction_components,2D section: Plywood,jb,missing_specialized,,"2D section: Plywood — preserve the documented operation, not merely a manually reproducible drawing.",No dedicated architectural generator/editor for this outcome is present in the registered FModel command surface. Drawing the result manually or inserting a generic block is not equivalent.,src/commands/architecture.ts;src/commands/architectureOpenings.ts;src/commands/index.ts;src/app/features.ts;src/commands/index.ts:23;src/app/features.ts:51,sys/shortcut_6.7.4c.yqs:128;sys/yqshortcut.txt:158;sys/yqpanel.txt:138
yq_woodflooring,yq_woodflooring,command,main,construction_components,2D section: Wood Flooring,mdb,missing_specialized,,"2D section: Wood Flooring — preserve the documented operation, not merely a manually reproducible drawing.",No dedicated architectural generator/editor for this outcome is present in the registered FModel command surface. Drawing the result manually or inserting a generic block is not equivalent.,src/commands/architecture.ts;src/commands/architectureOpenings.ts;src/commands/index.ts;src/app/features.ts;src/commands/index.ts:23;src/app/features.ts:51,sys/shortcut_6.7.4c.yqs:129;sys/yqshortcut.txt:159;sys/yqpanel.txt:139
yq_gypsumboard,yq_gypsumboard,command,main,construction_components,2D section: Gypsum Board,sgb,missing_specialized,,"2D section: Gypsum Board — preserve the documented operation, not merely a manually reproducible drawing.",No dedicated architectural generator/editor for this outcome is present in the registered FModel command surface. Drawing the result manually or inserting a generic block is not equivalent.,src/commands/architecture.ts;src/commands/architectureOpenings.ts;src/commands/index.ts;src/app/features.ts;src/commands/index.ts:23;src/app/features.ts:51,sys/shortcut_6.7.4c.yqs:130;sys/yqshortcut.txt:161;sys/yqpanel.txt:141
yq_lighttrough,yq_lighttrough,command,main,construction_components,Section Light Trough,thdc,missing_specialized,,"Section Light Trough — preserve the documented operation, not merely a manually reproducible drawing.",No dedicated architectural generator/editor for this outcome is present in the registered FModel command surface. Drawing the result manually or inserting a generic block is not equivalent.,src/commands/architecture.ts;src/commands/architectureOpenings.ts;src/commands/index.ts;src/app/features.ts;src/commands/index.ts:23;src/app/features.ts:51,sys/shortcut_6.7.4c.yqs:131;sys/yqshortcut.txt:162;sys/yqpanel.txt:142
yq_partitionwall,yq_partitionwall,command,main,construction_components,Partition Wall,gq,missing_specialized,,"Partition Wall — preserve the documented operation, not merely a manually reproducible drawing.",No dedicated architectural generator/editor for this outcome is present in the registered FModel command surface. Drawing the result manually or inserting a generic block is not equivalent.,src/commands/architecture.ts;src/commands/architectureOpenings.ts;src/commands/index.ts;src/app/features.ts;src/commands/index.ts:23;src/app/features.ts:51,sys/shortcut_6.7.4c.yqs:132;sys/yqshortcut.txt:163;sys/yqpanel.txt:143
yq_glass,yq_glass,command,main,construction_components,2D section: Glass,bl,missing_specialized,,"2D section: Glass — preserve the documented operation, not merely a manually reproducible drawing.",No dedicated architectural generator/editor for this outcome is present in the registered FModel command surface. Drawing the result manually or inserting a generic block is not equivalent.,src/commands/architecture.ts;src/commands/architectureOpenings.ts;src/commands/index.ts;src/app/features.ts;src/commands/index.ts:23;src/app/features.ts:51,sys/shortcut_6.7.4c.yqs:133;sys/yqshortcut.txt:160;sys/yqpanel.txt:140
yq_formedsteel,yq_formedsteel,command,main,construction_components,Formed Steel,xg,missing_specialized,,"Formed Steel — preserve the documented operation, not merely a manually reproducible drawing.",No dedicated architectural generator/editor for this outcome is present in the registered FModel command surface. Drawing the result manually or inserting a generic block is not equivalent.,src/commands/architecture.ts;src/commands/architectureOpenings.ts;src/commands/index.ts;src/app/features.ts;src/commands/index.ts:23;src/app/features.ts:51,sys/shortcut_6.7.4c.yqs:135;sys/yqshortcut.txt:165;sys/yqpanel.txt:145
yq_ironframe,yq_ironframe,command,main,construction_components,Section Iron frame,jgj,missing_specialized,,"Section Iron frame — preserve the documented operation, not merely a manually reproducible drawing.",No dedicated architectural generator/editor for this outcome is present in the registered FModel command surface. Drawing the result manually or inserting a generic block is not equivalent.,src/commands/architecture.ts;src/commands/architectureOpenings.ts;src/commands/index.ts;src/app/features.ts;src/commands/index.ts:23;src/app/features.ts:51,sys/shortcut_6.7.4c.yqs:136;sys/yqshortcut.txt:166;sys/yqpanel.txt:146
yq_insulation,yq_insulation,command,main,construction_components,Cotton Insulation,bwm,missing_specialized,,"Cotton Insulation — preserve the documented operation, not merely a manually reproducible drawing.",No dedicated architectural generator/editor for this outcome is present in the registered FModel command surface. Drawing the result manually or inserting a generic block is not equivalent.,src/commands/architecture.ts;src/commands/architectureOpenings.ts;src/commands/index.ts;src/app/features.ts;src/commands/index.ts:23;src/app/features.ts:51,sys/shortcut_6.7.4c.yqs:138;sys/yqshortcut.txt:168;sys/yqpanel.txt:148
yq_weldingline,yq_weldingline,command,main,construction_components,Welding Line,hf,missing_specialized,,"Welding Line — preserve the documented operation, not merely a manually reproducible drawing.",No dedicated architectural generator/editor for this outcome is present in the registered FModel command surface. Drawing the result manually or inserting a generic block is not equivalent.,src/commands/architecture.ts;src/commands/architectureOpenings.ts;src/commands/index.ts;src/app/features.ts;src/commands/index.ts:23;src/app/features.ts:51,sys/shortcut_6.7.4c.yqs:139;sys/yqshortcut.txt:169;sys/yqpanel.txt:149
yq_hose,yq_hose,command,main,construction_components,Create Hose,rg,missing_specialized,,"Create Hose — preserve the documented operation, not merely a manually reproducible drawing.",No dedicated architectural generator/editor for this outcome is present in the registered FModel command surface. Drawing the result manually or inserting a generic block is not equivalent.,src/commands/architecture.ts;src/commands/architectureOpenings.ts;src/commands/index.ts;src/app/features.ts;src/commands/index.ts:23;src/app/features.ts:51,sys/shortcut_6.7.4c.yqs:140;sys/yqshortcut.txt:170;sys/yqpanel.txt:150
yq_pipe,yq_pipe,command,main,construction_components,Create Pipe,gx,missing_specialized,,"Create Pipe — preserve the documented operation, not merely a manually reproducible drawing.",No dedicated architectural generator/editor for this outcome is present in the registered FModel command surface. Drawing the result manually or inserting a generic block is not equivalent.,src/commands/architecture.ts;src/commands/architectureOpenings.ts;src/commands/index.ts;src/app/features.ts;src/commands/index.ts:23;src/app/features.ts:51,sys/shortcut_6.7.4c.yqs:141;sys/yqshortcut.txt:171;sys/yqpanel.txt:151
yq_boardhole,yq_boardhole,command,main,construction_components,Hole on Board,kd,missing_specialized,,"Hole on Board — preserve the documented operation, not merely a manually reproducible drawing.",No dedicated architectural generator/editor for this outcome is present in the registered FModel command surface. Drawing the result manually or inserting a generic block is not equivalent.,src/commands/architecture.ts;src/commands/architectureOpenings.ts;src/commands/index.ts;src/app/features.ts;src/commands/index.ts:23;src/app/features.ts:51,sys/shortcut_6.7.4c.yqs:143;sys/yqshortcut.txt:173;sys/yqpanel.txt:153
yq_cylindershadow,yq_cylindershadow,command,main,construction_components,Cylinder shadow,yzx,missing_specialized,,"Cylinder shadow — preserve the documented operation, not merely a manually reproducible drawing.",No dedicated architectural generator/editor for this outcome is present in the registered FModel command surface. Drawing the result manually or inserting a generic block is not equivalent.,src/commands/architecture.ts;src/commands/architectureOpenings.ts;src/commands/index.ts;src/app/features.ts;src/commands/index.ts:23;src/app/features.ts:51,sys/shortcut_6.7.4c.yqs:144;sys/yqshortcut.txt:174;sys/yqpanel.txt:154
yq_backbolthole,yq_backbolthole,command,main,construction_components,Back-Bolt Hole,bsk,missing_specialized,,"Back-Bolt Hole — preserve the documented operation, not merely a manually reproducible drawing.",No dedicated architectural generator/editor for this outcome is present in the registered FModel command surface. Drawing the result manually or inserting a generic block is not equivalent.,src/commands/architecture.ts;src/commands/architectureOpenings.ts;src/commands/index.ts;src/app/features.ts;src/commands/index.ts:23;src/app/features.ts:51,sys/shortcut_6.7.4c.yqs:145;sys/yqshortcut.txt:175;sys/yqpanel.txt:155
yq_autolamps,yq_autolamps,command,main,construction_components,Arrange Lamps,dj,missing_specialized,,"Arrange Lamps — preserve the documented operation, not merely a manually reproducible drawing.",No dedicated architectural generator/editor for this outcome is present in the registered FModel command surface. Drawing the result manually or inserting a generic block is not equivalent.,src/commands/architecture.ts;src/commands/architectureOpenings.ts;src/commands/index.ts;src/app/features.ts;src/commands/index.ts:23;src/app/features.ts:51,sys/shortcut_6.7.4c.yqs:147;sys/yqshortcut.txt:177;sys/yqpanel.txt:157
yq_randomspread,yq_randomspread,command,main,construction_components,Random Spread,mtx,missing_specialized,,"Random Spread — preserve the documented operation, not merely a manually reproducible drawing.",No dedicated architectural generator/editor for this outcome is present in the registered FModel command surface. Drawing the result manually or inserting a generic block is not equivalent.,src/commands/architecture.ts;src/commands/architectureOpenings.ts;src/commands/index.ts;src/app/features.ts;src/commands/index.ts:23;src/app/features.ts:51,sys/shortcut_6.7.4c.yqs:148;sys/yqshortcut.txt:178;sys/yqpanel.txt:158
yq_indoorelev,yq_indoorelev,command,main,construction_components,Indoor Elevation,lm,missing_specialized,,"Indoor Elevation — preserve the documented operation, not merely a manually reproducible drawing.",No dedicated architectural generator/editor for this outcome is present in the registered FModel command surface. Drawing the result manually or inserting a generic block is not equivalent.,src/commands/architecture.ts;src/commands/architectureOpenings.ts;src/commands/index.ts;src/app/features.ts;src/commands/index.ts:23;src/app/features.ts:51,sys/shortcut_6.7.4c.yqs:149;sys/yqshortcut.txt:179;sys/yqpanel.txt:159
yq_archsymbols,yq_archsymbols,group_launcher,main,architectural_annotations,[Architectural Symbols] Command List,fff,navigation,HELP,"[Architectural Symbols] Command List — preserve the documented operation, not merely a manually reproducible drawing.","Category launcher, not an independent geometric capability. FModel provides command search/navigation.",src/commands/utility.ts;src/commands/draw/annotation.ts:1;src/commands/index.ts:23,sys/shortcut_6.7.4c.yqs:151;sys/yqshortcut.txt:183
yq_sldsymbols,yq_sldsymbols,command,main,architectural_annotations,Browse Symbols,fh,partial,BLOCKSPALETTE;INSERT;LIBRARYSTARTER,"Browse Symbols — preserve the documented operation, not merely a manually reproducible drawing.","Native library and some parametric furniture exist. Specialized arrangements/generators, selections and supplied YQArch assets are not equivalent.",src/commands/utility.ts;src/commands/blocks.ts;src/commands/library.ts;src/commands/draw/annotation.ts:1;src/commands/index.ts:23,sys/shortcut_6.7.4c.yqs:152;sys/yqshortcut.txt:185;sys/yqpanel.txt:162
yq_auto_axis_dim,yq_auto_axis_dim,command,main,architectural_annotations,Arrange Axis Symbols,azh,missing_specialized,,"Arrange Axis Symbols — preserve the documented operation, not merely a manually reproducible drawing.","Missing construction-grid generator, axis numbering and coordinated architectural dimension strings.",src/app/features.ts;src/commands/index.ts;src/commands/draw/annotation.ts:1;src/commands/index.ts:23,sys/shortcut_6.7.4c.yqs:154;sys/yqshortcut.txt:187;sys/yqpanel.txt:164
yq_symbol_axis_c,yq_symbol_axis_c,command,main,architectural_annotations,Create Axis Symbols,zh,missing_specialized,,"Create Axis Symbols — preserve the documented operation, not merely a manually reproducible drawing.","Missing construction-grid generator, axis numbering and coordinated architectural dimension strings.",src/app/features.ts;src/commands/index.ts;src/commands/draw/annotation.ts:1;src/commands/index.ts:23,sys/shortcut_6.7.4c.yqs:155;sys/yqshortcut.txt:188;sys/yqpanel.txt:165
yq_geodesic_coordinates,yq_geodesic_coordinates,command,main,architectural_annotations,Geodesic Coordinates,zb,missing_specialized,,"Geodesic Coordinates — preserve the documented operation, not merely a manually reproducible drawing.",No dedicated architectural generator/editor for this outcome is present in the registered FModel command surface. Drawing the result manually or inserting a generic block is not equivalent.,src/commands/architecture.ts;src/commands/architectureOpenings.ts;src/commands/index.ts;src/app/features.ts;src/commands/draw/annotation.ts:1;src/commands/index.ts:23,sys/shortcut_6.7.4c.yqs:157;sys/yqshortcut.txt:190;sys/yqpanel.txt:167
yq_designed_elevation,yq_designed_elevation,command,main,architectural_annotations,Designed Elevation,bg,missing_specialized,,"Designed Elevation — preserve the documented operation, not merely a manually reproducible drawing.",No dedicated architectural generator/editor for this outcome is present in the registered FModel command surface. Drawing the result manually or inserting a generic block is not equivalent.,src/commands/architecture.ts;src/commands/architectureOpenings.ts;src/commands/index.ts;src/app/features.ts;src/commands/draw/annotation.ts:1;src/commands/index.ts:23,sys/shortcut_6.7.4c.yqs:158;sys/yqshortcut.txt:191;sys/yqpanel.txt:168
yq_contour_elevation,yq_contour_elevation,command,main,architectural_annotations,Contour Elevation,xbg,missing_specialized,,"Contour Elevation — preserve the documented operation, not merely a manually reproducible drawing.",No dedicated architectural generator/editor for this outcome is present in the registered FModel command surface. Drawing the result manually or inserting a generic block is not equivalent.,src/commands/architecture.ts;src/commands/architectureOpenings.ts;src/commands/index.ts;src/app/features.ts;src/commands/draw/annotation.ts:1;src/commands/index.ts:23,sys/shortcut_6.7.4c.yqs:159;sys/yqshortcut.txt:192;sys/yqpanel.txt:169
yq_symbol_sectionplane,yq_symbol_sectionplane,command,main,architectural_annotations,Section Plane Symbol,pqf,missing_specialized,,"Section Plane Symbol — preserve the documented operation, not merely a manually reproducible drawing.",No dedicated architectural generator/editor for this outcome is present in the registered FModel command surface. Drawing the result manually or inserting a generic block is not equivalent.,src/commands/architecture.ts;src/commands/architectureOpenings.ts;src/commands/index.ts;src/app/features.ts;src/commands/draw/annotation.ts:1;src/commands/index.ts:23,sys/shortcut_6.7.4c.yqs:161;sys/yqshortcut.txt:194;sys/yqpanel.txt:171
yq_symbol_sectioncutter,yq_symbol_sectioncutter,command,main,architectural_annotations,Section Cutter Symbol,dmf,missing_specialized,,"Section Cutter Symbol — preserve the documented operation, not merely a manually reproducible drawing.",No dedicated architectural generator/editor for this outcome is present in the registered FModel command surface. Drawing the result manually or inserting a generic block is not equivalent.,src/commands/architecture.ts;src/commands/architectureOpenings.ts;src/commands/index.ts;src/app/features.ts;src/commands/draw/annotation.ts:1;src/commands/index.ts:23,sys/shortcut_6.7.4c.yqs:162;sys/yqshortcut.txt:195;sys/yqpanel.txt:172
yq_symbol_gradient,yq_symbol_gradient,command,main,architectural_annotations,Slope Symbol,pd,missing_specialized,,"Slope Symbol — preserve the documented operation, not merely a manually reproducible drawing.",No dedicated architectural generator/editor for this outcome is present in the registered FModel command surface. Drawing the result manually or inserting a generic block is not equivalent.,src/commands/architecture.ts;src/commands/architectureOpenings.ts;src/commands/index.ts;src/app/features.ts;src/commands/draw/annotation.ts:1;src/commands/index.ts:23,sys/shortcut_6.7.4c.yqs:163;sys/yqshortcut.txt:196;sys/yqpanel.txt:173
yq_disconnection_line,yq_disconnection_line,command,main,architectural_annotations,Disconnection line,zx,missing_specialized,,"Disconnection line — preserve the documented operation, not merely a manually reproducible drawing.",No dedicated architectural generator/editor for this outcome is present in the registered FModel command surface. Drawing the result manually or inserting a generic block is not equivalent.,src/commands/architecture.ts;src/commands/architectureOpenings.ts;src/commands/index.ts;src/app/features.ts;src/commands/draw/annotation.ts:1;src/commands/index.ts:23,sys/shortcut_6.7.4c.yqs:164;sys/yqshortcut.txt:197;sys/yqpanel.txt:174
yq_pipecutting,yq_pipecutting,command,main,architectural_annotations,Pipe Cutting Symbol,gpx,missing_specialized,,"Pipe Cutting Symbol — preserve the documented operation, not merely a manually reproducible drawing.",No dedicated architectural generator/editor for this outcome is present in the registered FModel command surface. Drawing the result manually or inserting a generic block is not equivalent.,src/commands/architecture.ts;src/commands/architectureOpenings.ts;src/commands/index.ts;src/app/features.ts;src/commands/draw/annotation.ts:1;src/commands/index.ts:23,sys/shortcut_6.7.4c.yqs:165;sys/yqshortcut.txt:198;sys/yqpanel.txt:175
yq_symmetry_axis,yq_symmetry_axis,command,main,architectural_annotations,Symmetry Axis,dcz,partial,CENTERLINE;XLINE,"Symmetry Axis — preserve the documented operation, not merely a manually reproducible drawing.",Generic center/construction lines exist; YQArch axis/symbol scaling conventions require a flow review.,src/commands/production.ts;src/commands/draw/construction.ts;src/commands/draw/annotation.ts:1;src/commands/index.ts:23,sys/shortcut_6.7.4c.yqs:166;sys/yqshortcut.txt:199;sys/yqpanel.txt:176
yq_central_line,yq_central_line,command,main,architectural_annotations,Central Line,zxx,partial,CENTERLINE;XLINE,"Central Line — preserve the documented operation, not merely a manually reproducible drawing.",Generic center/construction lines exist; YQArch axis/symbol scaling conventions require a flow review.,src/commands/production.ts;src/commands/draw/construction.ts;src/commands/draw/annotation.ts:1;src/commands/index.ts:23,sys/shortcut_6.7.4c.yqs:167;sys/yqshortcut.txt:200;sys/yqpanel.txt:177
yq_wiresurround,yq_wiresurround,command,main,architectural_annotations,Wire Surround,acc,missing_specialized,,"Wire Surround — preserve the documented operation, not merely a manually reproducible drawing.",No dedicated architectural generator/editor for this outcome is present in the registered FModel command surface. Drawing the result manually or inserting a generic block is not equivalent.,src/commands/architecture.ts;src/commands/architectureOpenings.ts;src/commands/index.ts;src/app/features.ts;src/commands/draw/annotation.ts:1;src/commands/index.ts:23,sys/shortcut_6.7.4c.yqs:169;sys/yqshortcut.txt:202;sys/yqpanel.txt:179
yq_erasesurround,yq_erasesurround,command,main,architectural_annotations,Erase Surround,ecc,missing_specialized,,"Erase Surround — preserve the documented operation, not merely a manually reproducible drawing.",No dedicated architectural generator/editor for this outcome is present in the registered FModel command surface. Drawing the result manually or inserting a generic block is not equivalent.,src/commands/architecture.ts;src/commands/architectureOpenings.ts;src/commands/index.ts;src/app/features.ts;src/commands/draw/annotation.ts:1;src/commands/index.ts:23,sys/shortcut_6.7.4c.yqs:170;sys/yqshortcut.txt:203;sys/yqpanel.txt:180
yq_bentarrow,yq_bentarrow,command,main,architectural_annotations,Bent Arrow,aaw,missing_specialized,,"Bent Arrow — preserve the documented operation, not merely a manually reproducible drawing.",No dedicated architectural generator/editor for this outcome is present in the registered FModel command surface. Drawing the result manually or inserting a generic block is not equivalent.,src/commands/architecture.ts;src/commands/architectureOpenings.ts;src/commands/index.ts;src/app/features.ts;src/commands/draw/annotation.ts:1;src/commands/index.ts:23,sys/shortcut_6.7.4c.yqs:172;sys/yqshortcut.txt:205;sys/yqpanel.txt:182
yq_entrancearrow,yq_entrancearrow,command,main,architectural_annotations,Entrance Arrow,aae,missing_specialized,,"Entrance Arrow — preserve the documented operation, not merely a manually reproducible drawing.",No dedicated architectural generator/editor for this outcome is present in the registered FModel command surface. Drawing the result manually or inserting a generic block is not equivalent.,src/commands/architecture.ts;src/commands/architectureOpenings.ts;src/commands/index.ts;src/app/features.ts;src/commands/draw/annotation.ts:1;src/commands/index.ts:23,sys/shortcut_6.7.4c.yqs:173;sys/yqshortcut.txt:206;sys/yqpanel.txt:183
yq_indexers,yq_indexers,group_launcher,main,architectural_annotations,[Indexer Symbols] Command List,yyy,navigation,HELP,"[Indexer Symbols] Command List — preserve the documented operation, not merely a manually reproducible drawing.","Category launcher, not an independent geometric capability. FModel provides command search/navigation.",src/commands/utility.ts;src/commands/draw/annotation.ts:1;src/commands/index.ts:23,sys/shortcut_6.7.4c.yqs:175;sys/yqshortcut.txt:210
yq_sldindexers,yq_sldindexers,command,main,architectural_annotations,Browse Indexers,sy,partial,BLOCKSPALETTE;INSERT;LIBRARYSTARTER,"Browse Indexers — preserve the documented operation, not merely a manually reproducible drawing.","Native library and some parametric furniture exist. Specialized arrangements/generators, selections and supplied YQArch assets are not equivalent.",src/commands/utility.ts;src/commands/blocks.ts;src/commands/library.ts;src/commands/draw/annotation.ts:1;src/commands/index.ts:23,sys/shortcut_6.7.4c.yqs:176;sys/yqshortcut.txt:212;sys/yqpanel.txt:191
yq_identifier1,yq_identifier1,command,main,architectural_annotations,Section Symbol 1,sy1,missing_specialized,,"Section Symbol 1 — preserve the documented operation, not merely a manually reproducible drawing.",No dedicated architectural generator/editor for this outcome is present in the registered FModel command surface. Drawing the result manually or inserting a generic block is not equivalent.,src/commands/architecture.ts;src/commands/architectureOpenings.ts;src/commands/index.ts;src/app/features.ts;src/commands/draw/annotation.ts:1;src/commands/index.ts:23,sys/shortcut_6.7.4c.yqs:178;sys/yqshortcut.txt:214;sys/yqpanel.txt:193
yq_identifier2,yq_identifier2,command,main,architectural_annotations,Section Symbol 2,sy2,missing_specialized,,"Section Symbol 2 — preserve the documented operation, not merely a manually reproducible drawing.",No dedicated architectural generator/editor for this outcome is present in the registered FModel command surface. Drawing the result manually or inserting a generic block is not equivalent.,src/commands/architecture.ts;src/commands/architectureOpenings.ts;src/commands/index.ts;src/app/features.ts;src/commands/draw/annotation.ts:1;src/commands/index.ts:23,sys/shortcut_6.7.4c.yqs:179;sys/yqshortcut.txt:215;sys/yqpanel.txt:194
yq_identifier3,yq_identifier3,command,main,architectural_annotations,Section Symbol 3,sy3,missing_specialized,,"Section Symbol 3 — preserve the documented operation, not merely a manually reproducible drawing.",No dedicated architectural generator/editor for this outcome is present in the registered FModel command surface. Drawing the result manually or inserting a generic block is not equivalent.,src/commands/architecture.ts;src/commands/architectureOpenings.ts;src/commands/index.ts;src/app/features.ts;src/commands/draw/annotation.ts:1;src/commands/index.ts:23,sys/shortcut_6.7.4c.yqs:180;sys/yqshortcut.txt:216;sys/yqpanel.txt:195
yq_elevindexer4in1,yq_elevindexer4in1,command,main,architectural_annotations,Elevation Indexer (4in1),i0,missing_specialized,,"Elevation Indexer (4in1) — preserve the documented operation, not merely a manually reproducible drawing.",No dedicated architectural generator/editor for this outcome is present in the registered FModel command surface. Drawing the result manually or inserting a generic block is not equivalent.,src/commands/architecture.ts;src/commands/architectureOpenings.ts;src/commands/index.ts;src/app/features.ts;src/commands/draw/annotation.ts:1;src/commands/index.ts:23,sys/shortcut_6.7.4c.yqs:182;sys/yqshortcut.txt:218;sys/yqpanel.txt:197
yq_elevindexer1,yq_elevindexer1,command,main,architectural_annotations,Elevation Indexer 1,i1,missing_specialized,,"Elevation Indexer 1 — preserve the documented operation, not merely a manually reproducible drawing.",No dedicated architectural generator/editor for this outcome is present in the registered FModel command surface. Drawing the result manually or inserting a generic block is not equivalent.,src/commands/architecture.ts;src/commands/architectureOpenings.ts;src/commands/index.ts;src/app/features.ts;src/commands/draw/annotation.ts:1;src/commands/index.ts:23,sys/shortcut_6.7.4c.yqs:183;sys/yqshortcut.txt:219;sys/yqpanel.txt:198
yq_elevindexer2,yq_elevindexer2,command,main,architectural_annotations,Elevation Indexer 2,i2,missing_specialized,,"Elevation Indexer 2 — preserve the documented operation, not merely a manually reproducible drawing.",No dedicated architectural generator/editor for this outcome is present in the registered FModel command surface. Drawing the result manually or inserting a generic block is not equivalent.,src/commands/architecture.ts;src/commands/architectureOpenings.ts;src/commands/index.ts;src/app/features.ts;src/commands/draw/annotation.ts:1;src/commands/index.ts:23,sys/shortcut_6.7.4c.yqs:184;sys/yqshortcut.txt:220;sys/yqpanel.txt:199
yq_elevindexer3,yq_elevindexer3,command,main,architectural_annotations,Elevation Indexer 3,i3,missing_specialized,,"Elevation Indexer 3 — preserve the documented operation, not merely a manually reproducible drawing.",No dedicated architectural generator/editor for this outcome is present in the registered FModel command surface. Drawing the result manually or inserting a generic block is not equivalent.,src/commands/architecture.ts;src/commands/architectureOpenings.ts;src/commands/index.ts;src/app/features.ts;src/commands/draw/annotation.ts:1;src/commands/index.ts:23,sys/shortcut_6.7.4c.yqs:185;sys/yqshortcut.txt:221;sys/yqpanel.txt:200
yq_elevindexer4,yq_elevindexer4,command,main,architectural_annotations,Elevation Indexer 4,i4,missing_specialized,,"Elevation Indexer 4 — preserve the documented operation, not merely a manually reproducible drawing.",No dedicated architectural generator/editor for this outcome is present in the registered FModel command surface. Drawing the result manually or inserting a generic block is not equivalent.,src/commands/architecture.ts;src/commands/architectureOpenings.ts;src/commands/index.ts;src/app/features.ts;src/commands/draw/annotation.ts:1;src/commands/index.ts:23,sys/shortcut_6.7.4c.yqs:186;sys/yqshortcut.txt:222;sys/yqpanel.txt:201
yq_detailsymbol1,yq_detailsymbol1,command,main,architectural_annotations,Detail Drawing Symbol 1,xt1,missing_specialized,,"Detail Drawing Symbol 1 — preserve the documented operation, not merely a manually reproducible drawing.",No dedicated architectural generator/editor for this outcome is present in the registered FModel command surface. Drawing the result manually or inserting a generic block is not equivalent.,src/commands/architecture.ts;src/commands/architectureOpenings.ts;src/commands/index.ts;src/app/features.ts;src/commands/draw/annotation.ts:1;src/commands/index.ts:23,sys/shortcut_6.7.4c.yqs:188;sys/yqshortcut.txt:224;sys/yqpanel.txt:203
yq_detailsymbol2,yq_detailsymbol2,command,main,architectural_annotations,Detail Drawing Symbol 2,xt2,missing_specialized,,"Detail Drawing Symbol 2 — preserve the documented operation, not merely a manually reproducible drawing.",No dedicated architectural generator/editor for this outcome is present in the registered FModel command surface. Drawing the result manually or inserting a generic block is not equivalent.,src/commands/architecture.ts;src/commands/architectureOpenings.ts;src/commands/index.ts;src/app/features.ts;src/commands/draw/annotation.ts:1;src/commands/index.ts:23,sys/shortcut_6.7.4c.yqs:189;sys/yqshortcut.txt:225;sys/yqpanel.txt:204
yq_indexer1,yq_indexer1,command,main,architectural_annotations,Indexer l,s1,missing_specialized,,"Indexer l — preserve the documented operation, not merely a manually reproducible drawing.",No dedicated architectural generator/editor for this outcome is present in the registered FModel command surface. Drawing the result manually or inserting a generic block is not equivalent.,src/commands/architecture.ts;src/commands/architectureOpenings.ts;src/commands/index.ts;src/app/features.ts;src/commands/draw/annotation.ts:1;src/commands/index.ts:23,sys/shortcut_6.7.4c.yqs:191;sys/yqshortcut.txt:227;sys/yqpanel.txt:206
yq_indexer2,yq_indexer2,command,main,architectural_annotations,Indexer 2,s2,missing_specialized,,"Indexer 2 — preserve the documented operation, not merely a manually reproducible drawing.",No dedicated architectural generator/editor for this outcome is present in the registered FModel command surface. Drawing the result manually or inserting a generic block is not equivalent.,src/commands/architecture.ts;src/commands/architectureOpenings.ts;src/commands/index.ts;src/app/features.ts;src/commands/draw/annotation.ts:1;src/commands/index.ts:23,sys/shortcut_6.7.4c.yqs:192;sys/yqshortcut.txt:228;sys/yqpanel.txt:207
yq_indexer3,yq_indexer3,command,main,architectural_annotations,Indexer 3,s3,missing_specialized,,"Indexer 3 — preserve the documented operation, not merely a manually reproducible drawing.",No dedicated architectural generator/editor for this outcome is present in the registered FModel command surface. Drawing the result manually or inserting a generic block is not equivalent.,src/commands/architecture.ts;src/commands/architectureOpenings.ts;src/commands/index.ts;src/app/features.ts;src/commands/draw/annotation.ts:1;src/commands/index.ts:23,sys/shortcut_6.7.4c.yqs:193;sys/yqshortcut.txt:229;sys/yqpanel.txt:208
yq_indexer4,yq_indexer4,command,main,architectural_annotations,Indexer 4,s4,missing_specialized,,"Indexer 4 — preserve the documented operation, not merely a manually reproducible drawing.",No dedicated architectural generator/editor for this outcome is present in the registered FModel command surface. Drawing the result manually or inserting a generic block is not equivalent.,src/commands/architecture.ts;src/commands/architectureOpenings.ts;src/commands/index.ts;src/app/features.ts;src/commands/draw/annotation.ts:1;src/commands/index.ts:23,sys/shortcut_6.7.4c.yqs:194;sys/yqshortcut.txt:230;sys/yqpanel.txt:209
yq_indexer5,yq_indexer5,command,main,architectural_annotations,Indexer 5,s5,missing_specialized,,"Indexer 5 — preserve the documented operation, not merely a manually reproducible drawing.",No dedicated architectural generator/editor for this outcome is present in the registered FModel command surface. Drawing the result manually or inserting a generic block is not equivalent.,src/commands/architecture.ts;src/commands/architectureOpenings.ts;src/commands/index.ts;src/app/features.ts;src/commands/draw/annotation.ts:1;src/commands/index.ts:23,sys/shortcut_6.7.4c.yqs:195;sys/yqshortcut.txt:231;sys/yqpanel.txt:210
yq_indexer6,yq_indexer6,command,main,architectural_annotations,Indexer 6,s6,missing_specialized,,"Indexer 6 — preserve the documented operation, not merely a manually reproducible drawing.",No dedicated architectural generator/editor for this outcome is present in the registered FModel command surface. Drawing the result manually or inserting a generic block is not equivalent.,src/commands/architecture.ts;src/commands/architectureOpenings.ts;src/commands/index.ts;src/app/features.ts;src/commands/draw/annotation.ts:1;src/commands/index.ts:23,sys/shortcut_6.7.4c.yqs:196;sys/yqshortcut.txt:232;sys/yqpanel.txt:211
yq_indexer7,yq_indexer7,command,main,architectural_annotations,Indexer 7,s7,missing_specialized,,"Indexer 7 — preserve the documented operation, not merely a manually reproducible drawing.",No dedicated architectural generator/editor for this outcome is present in the registered FModel command surface. Drawing the result manually or inserting a generic block is not equivalent.,src/commands/architecture.ts;src/commands/architectureOpenings.ts;src/commands/index.ts;src/app/features.ts;src/commands/draw/annotation.ts:1;src/commands/index.ts:23,sys/shortcut_6.7.4c.yqs:197;sys/yqshortcut.txt:233;sys/yqpanel.txt:212
yq_indexer8,yq_indexer8,command,main,architectural_annotations,Indexer 8,s8,missing_specialized,,"Indexer 8 — preserve the documented operation, not merely a manually reproducible drawing.",No dedicated architectural generator/editor for this outcome is present in the registered FModel command surface. Drawing the result manually or inserting a generic block is not equivalent.,src/commands/architecture.ts;src/commands/architectureOpenings.ts;src/commands/index.ts;src/app/features.ts;src/commands/draw/annotation.ts:1;src/commands/index.ts:23,sys/shortcut_6.7.4c.yqs:198;sys/yqshortcut.txt:234;sys/yqpanel.txt:213
yq_indexer9,yq_indexer9,command,main,architectural_annotations,Indexer 9,s9,missing_specialized,,"Indexer 9 — preserve the documented operation, not merely a manually reproducible drawing.",No dedicated architectural generator/editor for this outcome is present in the registered FModel command surface. Drawing the result manually or inserting a generic block is not equivalent.,src/commands/architecture.ts;src/commands/architectureOpenings.ts;src/commands/index.ts;src/app/features.ts;src/commands/draw/annotation.ts:1;src/commands/index.ts:23,sys/shortcut_6.7.4c.yqs:199;sys/yqshortcut.txt:235;sys/yqpanel.txt:214
yq_leader,yq_leader,command,main,architectural_annotations,Arrow Leader,aax,partial,MLEADER,"Arrow Leader — preserve the documented operation, not merely a manually reproducible drawing.",Native multileader creation exists; exact YQArch leader variants and symbol conventions are not verified.,src/commands/draw/annotation.ts;src/commands/draw/annotation.ts:1;src/commands/index.ts:23,sys/shortcut_6.7.4c.yqs:201;sys/yqshortcut.txt:237;sys/yqpanel.txt:216
yq_mptleader,yq_mptleader,command,main,architectural_annotations,Multi-Point Leader,aaxx,partial,MLEADER,"Multi-Point Leader — preserve the documented operation, not merely a manually reproducible drawing.",Native multileader creation exists; exact YQArch leader variants and symbol conventions are not verified.,src/commands/draw/annotation.ts;src/commands/draw/annotation.ts:1;src/commands/index.ts:23,sys/shortcut_6.7.4c.yqs:202;sys/yqshortcut.txt:238;sys/yqpanel.txt:217
yq_mptleader_y,yq_mptleader_y,command,main,architectural_annotations,Vertical Multi-Point Leader,aayy,missing_specialized,,"Vertical Multi-Point Leader — preserve the documented operation, not merely a manually reproducible drawing.",No dedicated architectural generator/editor for this outcome is present in the registered FModel command surface. Drawing the result manually or inserting a generic block is not equivalent.,src/commands/architecture.ts;src/commands/architectureOpenings.ts;src/commands/index.ts;src/app/features.ts;src/commands/draw/annotation.ts:1;src/commands/index.ts:23,sys/shortcut_6.7.4c.yqs:203;sys/yqshortcut.txt:239;sys/yqpanel.txt:218
yq_leader_vertexes,yq_leader_vertexes,command,main,architectural_annotations,Add/Remove Leader Vertex,aav,missing_specialized,,"Add/Remove Leader Vertex — preserve the documented operation, not merely a manually reproducible drawing.",No dedicated architectural generator/editor for this outcome is present in the registered FModel command surface. Drawing the result manually or inserting a generic block is not equivalent.,src/commands/architecture.ts;src/commands/architectureOpenings.ts;src/commands/index.ts;src/app/features.ts;src/commands/draw/annotation.ts:1;src/commands/index.ts:23,sys/shortcut_6.7.4c.yqs:204;sys/yqshortcut.txt:240;sys/yqpanel.txt:219
yq_leader_addarrow,yq_leader_addarrow,command,main,architectural_annotations,Add Leader Arrows,aaj,missing_specialized,,"Add Leader Arrows — preserve the documented operation, not merely a manually reproducible drawing.",No dedicated architectural generator/editor for this outcome is present in the registered FModel command surface. Drawing the result manually or inserting a generic block is not equivalent.,src/commands/architecture.ts;src/commands/architectureOpenings.ts;src/commands/index.ts;src/app/features.ts;src/commands/draw/annotation.ts:1;src/commands/index.ts:23,sys/shortcut_6.7.4c.yqs:205;sys/yqshortcut.txt:241;sys/yqpanel.txt:220
yq_drawingtitle,yq_drawingtitle,command,main,architectural_annotations,Decoration Drawing Title,bt,missing_specialized,,"Decoration Drawing Title — preserve the documented operation, not merely a manually reproducible drawing.",No dedicated architectural generator/editor for this outcome is present in the registered FModel command surface. Drawing the result manually or inserting a generic block is not equivalent.,src/commands/architecture.ts;src/commands/architectureOpenings.ts;src/commands/index.ts;src/app/features.ts;src/commands/draw/annotation.ts:1;src/commands/index.ts:23,sys/shortcut_6.7.4c.yqs:207;sys/yqshortcut.txt:243;sys/yqpanel.txt:222
yq_statistics,yq_statistics,group_launcher,main,statistics_data,[Statistics Tools] Command List,jjj,navigation,HELP,"[Statistics Tools] Command List — preserve the documented operation, not merely a manually reproducible drawing.","Category launcher, not an independent geometric capability. FModel provides command search/navigation.",src/commands/utility.ts;src/commands/utility.ts:46;src/commands/blocks.ts:158;src/blocks/blockOps.ts:180,sys/shortcut_6.7.4c.yqs:209;sys/yqshortcut.txt:247
yq_sldstatistics,yq_sldstatistics,command,main,statistics_data,Browse Statistics,tj,partial,QSELECT;COUNT;DATAEXTRACTION,Inspect/statistically summarize the chosen set through the statistics tool collection.,"Filtering, block counts and attribute tables exist separately. The official entry is a statistics tool collection; do not count it as a separate implemented takeoff engine.",src/commands/utility.ts:263;src/commands/utility.ts:572;src/commands/blocks.ts:158,sys/shortcut_6.7.4c.yqs:210;sys/yqshortcut.txt:249;sys/yqpanel.txt:225
xc_ss,xc_ss,command,main,statistics_data,Easy Filtered Select,ss,partial,QSELECT,"Easy Filtered Select — preserve the documented operation, not merely a manually reproducible drawing.",Filtering exists; original third-party selector statistics/options are not established.,src/commands/utility.ts;src/commands/utility.ts:46;src/commands/blocks.ts:158;src/blocks/blockOps.ts:180,sys/shortcut_6.7.4c.yqs:212;sys/yqshortcut.txt:251
yq_autoserialnumber,yq_autoserialnumber,command,main,statistics_data,Auto Serial Number,abh,missing_specialized,,"Auto Serial Number — preserve the documented operation, not merely a manually reproducible drawing.","Missing architectural numbering, opening/material/coordinate schedules, cellular area allocation and density-based takeoff workflow.",src/app/features.ts;src/commands/index.ts;src/commands/utility.ts:46;src/commands/blocks.ts:158;src/blocks/blockOps.ts:180,sys/shortcut_6.7.4c.yqs:214;sys/yqshortcut.txt:253;sys/yqpanel.txt:229
yq_emptytable,yq_emptytable,command,main,statistics_data,Create Empty Table,kbg,native_core,TABLE,"Create Empty Table — preserve the documented operation, not merely a manually reproducible drawing.",Core outcome exists; YQArch-specific defaults and automation are not asserted equivalent.,src/commands/draw/annotation.ts;src/commands/utility.ts:46;src/commands/blocks.ts:158;src/blocks/blockOps.ts:180,sys/shortcut_6.7.4c.yqs:215;sys/yqshortcut.txt:254;sys/yqpanel.txt:230
yq_text2center,yq_text2center,command,main,statistics_data,Table Texts Aligning,bgz,missing_specialized,,"Table Texts Aligning — preserve the documented operation, not merely a manually reproducible drawing.","Missing specialized table/text conversion, cell centering and mirror-restoration workflow. Native table/text creation does not automate existing entities.",src/app/features.ts;src/commands/index.ts;src/commands/utility.ts:46;src/commands/blocks.ts:158;src/blocks/blockOps.ts:180,sys/shortcut_6.7.4c.yqs:216;sys/yqshortcut.txt:255;sys/yqpanel.txt:231
yq_calc_cellarea,yq_calc_cellarea,command,main,statistics_data,Cell Area by Texts,tmj,missing_specialized,,"Cell Area by Texts — preserve the documented operation, not merely a manually reproducible drawing.","Missing architectural numbering, opening/material/coordinate schedules, cellular area allocation and density-based takeoff workflow.",src/app/features.ts;src/commands/index.ts;src/commands/utility.ts:46;src/commands/blocks.ts:158;src/blocks/blockOps.ts:180,sys/shortcut_6.7.4c.yqs:217;sys/yqshortcut.txt:256;sys/yqpanel.txt:232
yq_texts2excel,yq_texts2excel,command,main,statistics_data,Texts to Cell Editor,t2e,portable_2d_gap_host_binding,TABLE;DATAEXTRACTION,"Texts to Cell Editor — preserve the documented operation, not merely a manually reproducible drawing.",Excel/COM transport is host-specific; portable native table/clipboard/CSV import/export and takeoff outcome remain a separate gap. DATAEXTRACTION alone is not cell-by-cell or coordinate import parity.,src/commands/output.ts;src/app/features.ts;src/commands/utility.ts:46;src/commands/blocks.ts:158;src/blocks/blockOps.ts:180,sys/shortcut_6.7.4c.yqs:218;sys/yqshortcut.txt:257;sys/yqpanel.txt:233
yq_texts2acadtable,yq_texts2acadtable,command,main,statistics_data,Texts to TABLE,zbg,missing_specialized,,"Texts to TABLE — preserve the documented operation, not merely a manually reproducible drawing.","Missing specialized table/text conversion, cell centering and mirror-restoration workflow. Native table/text creation does not automate existing entities.",src/app/features.ts;src/commands/index.ts;src/commands/utility.ts:46;src/commands/blocks.ts:158;src/blocks/blockOps.ts:180,sys/shortcut_6.7.4c.yqs:219;sys/yqshortcut.txt:258;sys/yqpanel.txt:234
yq_windoor_list,yq_windoor_list,command,main,statistics_data,Win/Door List,mcb,missing_specialized,,"Win/Door List — preserve the documented operation, not merely a manually reproducible drawing.","Missing architectural numbering, opening/material/coordinate schedules, cellular area allocation and density-based takeoff workflow.",src/app/features.ts;src/commands/index.ts;src/commands/utility.ts:46;src/commands/blocks.ts:158;src/blocks/blockOps.ts:180,sys/shortcut_6.7.4c.yqs:221;sys/yqshortcut.txt:260;sys/yqpanel.txt:236
yq_block_list,yq_block_list,command,main,statistics_data,Block List,bbl,partial,COUNT;DATAEXTRACTION,"Block List — preserve the documented operation, not merely a manually reproducible drawing.",Counting/data extraction exist; drawing thumbnail schedules are not implemented.,src/commands/utility.ts;src/commands/blocks.ts;src/commands/utility.ts:46;src/commands/blocks.ts:158;src/blocks/blockOps.ts:180,sys/shortcut_6.7.4c.yqs:222;sys/yqshortcut.txt:261;sys/yqpanel.txt:237
yq_blockatt_list,yq_blockatt_list,command,main,statistics_data,Block Attributes List,sxl,partial,DATAEXTRACTION,Report block attributes and dynamic parameter values in a drawing table/export.,"DATAEXTRACTION outputs attributes to TABLE/CSV/JSON. extractAttributes returns attribute tags, location and rotation, not dynamic-parameter columns.",src/commands/blocks.ts:158;src/blocks/blockOps.ts:180,sys/shortcut_6.7.4c.yqs:223;sys/yqshortcut.txt:262;sys/yqpanel.txt:238
yq_coordinate_list,yq_coordinate_list,command,main,statistics_data,Collect Coordinates,zzb,missing_specialized,,"Collect Coordinates — preserve the documented operation, not merely a manually reproducible drawing.","Missing architectural numbering, opening/material/coordinate schedules, cellular area allocation and density-based takeoff workflow.",src/app/features.ts;src/commands/index.ts;src/commands/utility.ts:46;src/commands/blocks.ts:158;src/blocks/blockOps.ts:180,sys/shortcut_6.7.4c.yqs:224;sys/yqshortcut.txt:263;sys/yqpanel.txt:239
yq_string_list,yq_string_list,command,main,statistics_data,Collect any Strings,ttq,missing_specialized,,"Collect any Strings — preserve the documented operation, not merely a manually reproducible drawing.","Missing architectural numbering, opening/material/coordinate schedules, cellular area allocation and density-based takeoff workflow.",src/app/features.ts;src/commands/index.ts;src/commands/utility.ts:46;src/commands/blocks.ts:158;src/blocks/blockOps.ts:180,sys/shortcut_6.7.4c.yqs:225;sys/yqshortcut.txt:264;sys/yqpanel.txt:240
yq_material_list,yq_material_list,command,main,statistics_data,Material List,clb,missing_specialized,,"Material List — preserve the documented operation, not merely a manually reproducible drawing.","Missing architectural numbering, opening/material/coordinate schedules, cellular area allocation and density-based takeoff workflow.",src/app/features.ts;src/commands/index.ts;src/commands/utility.ts:46;src/commands/blocks.ts:158;src/blocks/blockOps.ts:180,sys/shortcut_6.7.4c.yqs:226;sys/yqshortcut.txt:266;sys/yqpanel.txt:241
yq_calc_sumarea,yq_calc_sumarea,command,main,statistics_data,Accumulate Area,mj,partial,AREA;FIELD,Report accumulated measurements and linked labels; perimeter tools also aggregate by source options.,AREA accumulates area but only reports each object perimeter separately. FIELD links individual values. Source text-output/summary and total-perimeter workflows remain absent.,src/commands/utility.ts:46;src/commands/annotate.ts:541,sys/shortcut_6.7.4c.yqs:228;sys/yqshortcut.txt:268;sys/yqpanel.txt:243
yq_asso_area,yq_asso_area,command,main,statistics_data,Area Link Text,pmj,partial,FIELD,Associate area/length values with existing chosen drawing text.,FIELD Object creates new linked MTEXT for area/length. It does not retrofit a chosen existing label as the source command does; the native association capability itself is present.,src/commands/annotate.ts:541;src/model/fields.ts:34,sys/shortcut_6.7.4c.yqs:229;sys/yqshortcut.txt:269;sys/yqpanel.txt:244
yq_calc_perimeter,yq_calc_perimeter,command,main,statistics_data,Accumulate Perimeter,zc,partial,AREA;FIELD,Report accumulated measurements and linked labels; perimeter tools also aggregate by source options.,AREA accumulates area but only reports each object perimeter separately. FIELD links individual values. Source text-output/summary and total-perimeter workflows remain absent.,src/commands/utility.ts:46;src/commands/annotate.ts:541,sys/shortcut_6.7.4c.yqs:230;sys/yqshortcut.txt:270;sys/yqpanel.txt:245
yq_asso_perimeter,yq_asso_perimeter,command,main,statistics_data,Perimeter Link Text,pzc,partial,FIELD,Associate area/length values with existing chosen drawing text.,FIELD Object creates new linked MTEXT for area/length. It does not retrofit a chosen existing label as the source command does; the native association capability itself is present.,src/commands/annotate.ts:541;src/model/fields.ts:34,sys/shortcut_6.7.4c.yqs:231;sys/yqshortcut.txt:271;sys/yqpanel.txt:246
yq_calweight,yq_calweight,command,main,statistics_data,Calculate Weight,zl,missing_specialized,,"Calculate Weight — preserve the documented operation, not merely a manually reproducible drawing.","Missing architectural numbering, opening/material/coordinate schedules, cellular area allocation and density-based takeoff workflow.",src/app/features.ts;src/commands/index.ts;src/commands/utility.ts:46;src/commands/blocks.ts:158;src/blocks/blockOps.ts:180,sys/shortcut_6.7.4c.yqs:232;sys/yqshortcut.txt:272;sys/yqpanel.txt:247
yq_areastat,yq_areastat,command,main,statistics_data,Building Area Statistics,ftb,missing_specialized,,"Building Area Statistics — preserve the documented operation, not merely a manually reproducible drawing.","Missing architectural numbering, opening/material/coordinate schedules, cellular area allocation and density-based takeoff workflow.",src/app/features.ts;src/commands/index.ts;src/commands/utility.ts:46;src/commands/blocks.ts:158;src/blocks/blockOps.ts:180,sys/shortcut_6.7.4c.yqs:234;sys/yqshortcut.txt:274;sys/yqpanel.txt:249
yq_calc_addition,yq_calc_addition,command,main,statistics_data,Addition(+),+,missing_specialized,,"Addition(+) — preserve the documented operation, not merely a manually reproducible drawing.",Missing selection-driven numeric-text calculator/conversion workflow. Parameter expressions are not the same drawing-text operation.,src/app/features.ts;src/commands/index.ts;src/commands/utility.ts:46;src/commands/blocks.ts:158;src/blocks/blockOps.ts:180,sys/shortcut_6.7.4c.yqs:236;sys/yqshortcut.txt:276;sys/yqpanel.txt:251
yq_calc_subtration,yq_calc_subtration,command,main,statistics_data,Subtraction(-),-,missing_specialized,,"Subtraction(-) — preserve the documented operation, not merely a manually reproducible drawing.",Missing selection-driven numeric-text calculator/conversion workflow. Parameter expressions are not the same drawing-text operation.,src/app/features.ts;src/commands/index.ts;src/commands/utility.ts:46;src/commands/blocks.ts:158;src/blocks/blockOps.ts:180,sys/shortcut_6.7.4c.yqs:237;sys/yqshortcut.txt:277;sys/yqpanel.txt:252
yq_calc_multiplication,yq_calc_multiplication,command,main,statistics_data,Multiplication(*),*,missing_specialized,,"Multiplication(*) — preserve the documented operation, not merely a manually reproducible drawing.",Missing selection-driven numeric-text calculator/conversion workflow. Parameter expressions are not the same drawing-text operation.,src/app/features.ts;src/commands/index.ts;src/commands/utility.ts:46;src/commands/blocks.ts:158;src/blocks/blockOps.ts:180,sys/shortcut_6.7.4c.yqs:238;sys/yqshortcut.txt:278;sys/yqpanel.txt:253
yq_calc_division,yq_calc_division,command,main,statistics_data,Division(/),/,missing_specialized,,"Division(/) — preserve the documented operation, not merely a manually reproducible drawing.",Missing selection-driven numeric-text calculator/conversion workflow. Parameter expressions are not the same drawing-text operation.,src/app/features.ts;src/commands/index.ts;src/commands/utility.ts:46;src/commands/blocks.ts:158;src/blocks/blockOps.ts:180,sys/shortcut_6.7.4c.yqs:239;sys/yqshortcut.txt:279;sys/yqpanel.txt:254
yq_calc_expression,yq_calc_expression,command,main,statistics_data,Eval. Expression,js,missing_specialized,,"Eval. Expression — preserve the documented operation, not merely a manually reproducible drawing.",Missing selection-driven numeric-text calculator/conversion workflow. Parameter expressions are not the same drawing-text operation.,src/app/features.ts;src/commands/index.ts;src/commands/utility.ts:46;src/commands/blocks.ts:158;src/blocks/blockOps.ts:180,sys/shortcut_6.7.4c.yqs:241;sys/yqshortcut.txt:280;sys/yqpanel.txt:255
yq_textcontent,yq_textcontent,group_launcher,main,text_productivity,[Text Content] Command List,ttt,navigation,HELP,"[Text Content] Command List — preserve the documented operation, not merely a manually reproducible drawing.","Category launcher, not an independent geometric capability. FModel provides command search/navigation.",src/commands/utility.ts;src/commands/annotate.ts:426;src/commands/production.ts:425,sys/shortcut_6.7.4c.yqs:243;sys/yqshortcut.txt:284
yq_userdict,yq_userdict,command,main,text_productivity,User Dictionary,dic,missing_specialized,,"User Dictionary — preserve the documented operation, not merely a manually reproducible drawing.","Missing batch string cleanup, case conversion, dictionary/translation and correspondence-replacement workflow. FIND covers a narrower replacement capability.",src/app/features.ts;src/commands/index.ts;src/commands/annotate.ts:426;src/commands/production.ts:425,sys/shortcut_6.7.4c.yqs:244;sys/yqshortcut.txt:286;sys/yqpanel.txt:258
yq_translate,yq_translate,command,main,text_productivity,Translate Text,fy,missing_specialized,,"Translate Text — preserve the documented operation, not merely a manually reproducible drawing.","Missing batch string cleanup, case conversion, dictionary/translation and correspondence-replacement workflow. FIND covers a narrower replacement capability.",src/app/features.ts;src/commands/index.ts;src/commands/annotate.ts:426;src/commands/production.ts:425,sys/shortcut_6.7.4c.yqs:245;sys/yqshortcut.txt:287;sys/yqpanel.txt:259
yq_updtextlist,yq_updtextlist,command,main,text_productivity,Update Form List,eq,missing_specialized,,"Update Form List — preserve the documented operation, not merely a manually reproducible drawing.","Missing batch string cleanup, case conversion, dictionary/translation and correspondence-replacement workflow. FIND covers a narrower replacement capability.",src/app/features.ts;src/commands/index.ts;src/commands/annotate.ts:426;src/commands/production.ts:425,sys/shortcut_6.7.4c.yqs:246;sys/yqshortcut.txt:288;sys/yqpanel.txt:260
yq_text,yq_text,command,main,text_productivity,Input a Text,tt,native_core,TEXT,"Input a Text — preserve the documented operation, not merely a manually reproducible drawing.",Core outcome exists; YQArch-specific defaults and automation are not asserted equivalent.,src/commands/draw/annotation.ts;src/commands/annotate.ts:426;src/commands/production.ts:425,sys/shortcut_6.7.4c.yqs:248;sys/yqshortcut.txt:290;sys/yqpanel.txt:262
yq_superedit,yq_superedit,command,main,text_productivity,Edit any Text,tte,partial,TEXTEDIT;ATTEDIT,"Edit any Text — preserve the documented operation, not merely a manually reproducible drawing.",TEXT/MTEXT/dimension/attribute editing exists; universal nested-text picking requires comparison.,src/commands/annotate.ts;src/commands/blocks.ts;src/commands/annotate.ts:426;src/commands/production.ts:425,sys/shortcut_6.7.4c.yqs:249;sys/yqshortcut.txt:291;sys/yqpanel.txt:263
yq_dict2text,yq_dict2text,command,main,text_productivity,Dictionary to Text,ttg,missing_specialized,,"Dictionary to Text — preserve the documented operation, not merely a manually reproducible drawing.","Missing batch string cleanup, case conversion, dictionary/translation and correspondence-replacement workflow. FIND covers a narrower replacement capability.",src/app/features.ts;src/commands/index.ts;src/commands/annotate.ts:426;src/commands/production.ts:425,sys/shortcut_6.7.4c.yqs:250;sys/yqshortcut.txt:292;sys/yqpanel.txt:264
yq_hz_text,yq_hz_text,command,main,text_productivity,Create/Input Texts,ctt,partial,TEXT;MTEXT;TEXTEDIT,Create/import and edit/export drawing text through the documented text workflow.,Text creation/editing exists. No dedicated plain-text file import/export roundtrip is exposed by these commands; source table does not specify all format options.,src/commands/draw/annotation.ts:11;src/commands/annotate.ts:426,sys/shortcut_6.7.4c.yqs:251;sys/yqshortcut.txt:293;sys/yqpanel.txt:265
yq_hz_edit,yq_hz_edit,command,main,text_productivity,Edit/Output Texts,ced,partial,TEXT;MTEXT;TEXTEDIT,Create/import and edit/export drawing text through the documented text workflow.,Text creation/editing exists. No dedicated plain-text file import/export roundtrip is exposed by these commands; source table does not specify all format options.,src/commands/draw/annotation.ts:11;src/commands/annotate.ts:426,sys/shortcut_6.7.4c.yqs:252;sys/yqshortcut.txt:294;sys/yqpanel.txt:266
yq_text_replace,yq_text_replace,command,main,text_productivity,Cal./Replace Text,ttr,missing_specialized,,"Cal./Replace Text — preserve the documented operation, not merely a manually reproducible drawing.","Missing dictionary/numbering/formula transformation, text splitting/reordering/vectorization and curve-layout workflows; FIND/TEXTEDIT are not substitutes.",src/app/features.ts;src/commands/index.ts;src/commands/annotate.ts:426;src/commands/production.ts:425,sys/shortcut_6.7.4c.yqs:254;sys/yqshortcut.txt:296;sys/yqpanel.txt:268
yq_replace_substrs,yq_replace_substrs,command,main,text_productivity,Replace Substrings,ttrs,missing_specialized,,"Replace Substrings — preserve the documented operation, not merely a manually reproducible drawing.","Missing batch string cleanup, case conversion, dictionary/translation and correspondence-replacement workflow. FIND covers a narrower replacement capability.",src/app/features.ts;src/commands/index.ts;src/commands/annotate.ts:426;src/commands/production.ts:425,sys/shortcut_6.7.4c.yqs:255;sys/yqshortcut.txt:297;sys/yqpanel.txt:269
yq_text_append,yq_text_append,command,main,text_productivity,Join 2 Texts,tta,missing_specialized,,"Join 2 Texts — preserve the documented operation, not merely a manually reproducible drawing.","Missing dictionary/numbering/formula transformation, text splitting/reordering/vectorization and curve-layout workflows; FIND/TEXTEDIT are not substitutes.",src/app/features.ts;src/commands/index.ts;src/commands/annotate.ts:426;src/commands/production.ts:425,sys/shortcut_6.7.4c.yqs:257;sys/yqshortcut.txt:299;sys/yqpanel.txt:271
yq_jtext,yq_jtext,command,main,text_productivity,Merge Multi-Line Text,ttj,partial,TXT2MTXT,"Merge Multi-Line Text — preserve the documented operation, not merely a manually reproducible drawing.",Single-line text merging exists experimentally; exact ordering/layout semantics differ.,src/commands/production.ts;src/commands/annotate.ts:426;src/commands/production.ts:425,sys/shortcut_6.7.4c.yqs:258;sys/yqshortcut.txt:300;sys/yqpanel.txt:272
yq_text_break2,yq_text_break2,command,main,text_productivity,Break Text,ttb,missing_specialized,,"Break Text — preserve the documented operation, not merely a manually reproducible drawing.","Missing dictionary/numbering/formula transformation, text splitting/reordering/vectorization and curve-layout workflows; FIND/TEXTEDIT are not substitutes.",src/app/features.ts;src/commands/index.ts;src/commands/annotate.ts:426;src/commands/production.ts:425,sys/shortcut_6.7.4c.yqs:259;sys/yqshortcut.txt:301;sys/yqpanel.txt:273
yq_etext,yq_etext,command,main,text_productivity,Text to Characters,ttbb,missing_specialized,,"Text to Characters — preserve the documented operation, not merely a manually reproducible drawing.","Missing dictionary/numbering/formula transformation, text splitting/reordering/vectorization and curve-layout workflows; FIND/TEXTEDIT are not substitutes.",src/app/features.ts;src/commands/index.ts;src/commands/annotate.ts:426;src/commands/production.ts:425,sys/shortcut_6.7.4c.yqs:260;sys/yqshortcut.txt:302;sys/yqpanel.txt:274
yq_array_numbers,yq_array_numbers,command,main,text_productivity,Increment Copies,1234,missing_specialized,,"Increment Copies — preserve the documented operation, not merely a manually reproducible drawing.","Missing dictionary/numbering/formula transformation, text splitting/reordering/vectorization and curve-layout workflows; FIND/TEXTEDIT are not substitutes.",src/app/features.ts;src/commands/index.ts;src/commands/annotate.ts:426;src/commands/production.ts:425,sys/shortcut_6.7.4c.yqs:262;sys/yqshortcut.txt:304;sys/yqpanel.txt:276
yq_increase_numbers,yq_increase_numbers,command,main,text_productivity,Add Increment,inc,missing_specialized,,"Add Increment — preserve the documented operation, not merely a manually reproducible drawing.","Missing dictionary/numbering/formula transformation, text splitting/reordering/vectorization and curve-layout workflows; FIND/TEXTEDIT are not substitutes.",src/app/features.ts;src/commands/index.ts;src/commands/annotate.ts:426;src/commands/production.ts:425,sys/shortcut_6.7.4c.yqs:263;sys/yqshortcut.txt:305;sys/yqpanel.txt:277
yq_increase_text,yq_increase_text,command,main,text_productivity,Increase Texts,ttz,missing_specialized,,"Increase Texts — preserve the documented operation, not merely a manually reproducible drawing.","Missing dictionary/numbering/formula transformation, text splitting/reordering/vectorization and curve-layout workflows; FIND/TEXTEDIT are not substitutes.",src/app/features.ts;src/commands/index.ts;src/commands/annotate.ts:426;src/commands/production.ts:425,sys/shortcut_6.7.4c.yqs:264;sys/yqshortcut.txt:306;sys/yqpanel.txt:278
yq_findtext,yq_findtext,command,main,text_productivity,Seek Specific Text,ttf,native_core,FIND,"Seek Specific Text — preserve the documented operation, not merely a manually reproducible drawing.",Core outcome exists; YQArch-specific defaults and automation are not asserted equivalent.,src/commands/annotate.ts;src/commands/annotate.ts:426;src/commands/production.ts:425,sys/shortcut_6.7.4c.yqs:265;sys/yqshortcut.txt:307;sys/yqpanel.txt:279
yq_textother,yq_textother,group_launcher,main,text_productivity,[Text Modify] Command List,tttt,navigation,HELP,"[Text Modify] Command List — preserve the documented operation, not merely a manually reproducible drawing.","Category launcher, not an independent geometric capability. FModel provides command search/navigation.",src/commands/utility.ts;src/commands/annotate.ts:426;src/commands/production.ts:425,sys/shortcut_6.7.4c.yqs:267;sys/yqshortcut.txt:311
yq_sldstyles,yq_sldstyles,command,main,text_productivity,New Text Style,ttn,partial,STYLE;PROPERTIES,"New Text Style — preserve the documented operation, not merely a manually reproducible drawing.",Native text styles and editing exist; batch selection/update behavior needs flow-level comparison.,src/commands/utility.ts;src/commands/annotate.ts:426;src/commands/production.ts:425,sys/shortcut_6.7.4c.yqs:268;sys/yqshortcut.txt:313;sys/yqpanel.txt:282
yq_text_cstyle,yq_text_cstyle,command,main,text_productivity,Choose current Style,tts,partial,STYLE;PROPERTIES,"Choose current Style — preserve the documented operation, not merely a manually reproducible drawing.",Native text styles and editing exist; batch selection/update behavior needs flow-level comparison.,src/commands/utility.ts;src/commands/annotate.ts:426;src/commands/production.ts:425,sys/shortcut_6.7.4c.yqs:270;sys/yqshortcut.txt:315;sys/yqpanel.txt:284
yq_text_update,yq_text_update,command,main,text_productivity,Update Text by Style,ttu,partial,STYLE;PROPERTIES,"Update Text by Style — preserve the documented operation, not merely a manually reproducible drawing.",Native text styles and editing exist; batch selection/update behavior needs flow-level comparison.,src/commands/utility.ts;src/commands/annotate.ts:426;src/commands/production.ts:425,sys/shortcut_6.7.4c.yqs:271;sys/yqshortcut.txt:316;sys/yqpanel.txt:285
yq_replacefonts,yq_replacefonts,command,main,text_productivity,Auto Replace Fonts,ttrf,host_integration,,Replace unavailable AutoCAD font files with a configured font-file mapping.,SHX/FMP host-font replacement is not a browser-native command requirement; a native font fallback UI is a separate concern.,src/ui/dialogs/StylesDialog.tsx:195;src/app/features.ts:51,sys/shortcut_6.7.4c.yqs:272;sys/yqshortcut.txt:317;sys/yqpanel.txt:286
yq_changetext,yq_changetext,command,main,text_productivity,Edit Texts,ttc,partial,TEXTALIGN;PROPERTIES,"Edit Texts — preserve the documented operation, not merely a manually reproducible drawing.","Batch properties and text alignment exist; reflow, string merging and enclosing-frame options are not the same workflow.",src/commands/production.ts;src/commands/utility.ts;src/commands/annotate.ts:426;src/commands/production.ts:425,sys/shortcut_6.7.4c.yqs:274;sys/yqshortcut.txt:319;sys/yqpanel.txt:288
yq_text_width,yq_text_width,command,main,text_productivity,Edit Height/Aspect,ttw,partial,PROPERTIES,"Edit Height/Aspect — preserve the documented operation, not merely a manually reproducible drawing.",Text height/aspect/alignment can be edited; preservation of visual position and one-shot batch semantics require review.,src/commands/utility.ts;src/commands/annotate.ts:426;src/commands/production.ts:425,sys/shortcut_6.7.4c.yqs:275;sys/yqshortcut.txt:320;sys/yqpanel.txt:289
yq_reordertexts,yq_reordertexts,command,main,text_productivity,Reorder Table Texts,ttpx,missing_specialized,,"Reorder Table Texts — preserve the documented operation, not merely a manually reproducible drawing.","Missing dictionary/numbering/formula transformation, text splitting/reordering/vectorization and curve-layout workflows; FIND/TEXTEDIT are not substitutes.",src/app/features.ts;src/commands/index.ts;src/commands/annotate.ts:426;src/commands/production.ts:425,sys/shortcut_6.7.4c.yqs:276;sys/yqshortcut.txt:321;sys/yqpanel.txt:290
yq_text_alignmentleft,yq_text_alignmentleft,command,main,text_productivity,Text Alignment Left,ttl,partial,PROPERTIES,"Text Alignment Left — preserve the documented operation, not merely a manually reproducible drawing.",Text height/aspect/alignment can be edited; preservation of visual position and one-shot batch semantics require review.,src/commands/utility.ts;src/commands/annotate.ts:426;src/commands/production.ts:425,sys/shortcut_6.7.4c.yqs:278;sys/yqshortcut.txt:323;sys/yqpanel.txt:292
yq_text_alignmentright,yq_text_alignmentright,command,main,text_productivity,Text Alignment Right,ttll,partial,PROPERTIES,"Text Alignment Right — preserve the documented operation, not merely a manually reproducible drawing.",Text height/aspect/alignment can be edited; preservation of visual position and one-shot batch semantics require review.,src/commands/utility.ts;src/commands/annotate.ts:426;src/commands/production.ts:425,sys/shortcut_6.7.4c.yqs:279;sys/yqshortcut.txt:324;sys/yqpanel.txt:293
yq_text_restoremirr,yq_text_restoremirr,command,main,text_productivity,Restore Mirrored/Rotated Text,ttrr,missing_specialized,,"Restore Mirrored/Rotated Text — preserve the documented operation, not merely a manually reproducible drawing.","Missing specialized table/text conversion, cell centering and mirror-restoration workflow. Native table/text creation does not automate existing entities.",src/app/features.ts;src/commands/index.ts;src/commands/annotate.ts:426;src/commands/production.ts:425,sys/shortcut_6.7.4c.yqs:280;sys/yqshortcut.txt:325;sys/yqpanel.txt:294
yq_text2attdef,yq_text2attdef,command,main,text_productivity,Convert Texts/Attdefs,ttsx,missing_specialized,,"Convert Texts/Attdefs — preserve the documented operation, not merely a manually reproducible drawing.","Missing specialized table/text conversion, cell centering and mirror-restoration workflow. Native table/text creation does not automate existing entities.",src/app/features.ts;src/commands/index.ts;src/commands/annotate.ts:426;src/commands/production.ts:425,sys/shortcut_6.7.4c.yqs:282;sys/yqshortcut.txt:327;sys/yqpanel.txt:296
yq_txtexp,yq_txtexp,command,main,text_productivity,Explode Texts to Lines,ttx,missing_specialized,,"Explode Texts to Lines — preserve the documented operation, not merely a manually reproducible drawing.","Missing dictionary/numbering/formula transformation, text splitting/reordering/vectorization and curve-layout workflows; FIND/TEXTEDIT are not substitutes.",src/app/features.ts;src/commands/index.ts;src/commands/annotate.ts:426;src/commands/production.ts:425,sys/shortcut_6.7.4c.yqs:283;sys/yqshortcut.txt:328;sys/yqpanel.txt:297
yq_dimdraw,yq_dimdraw,group_launcher,main,dimensions,[Dimension Draw] Command List,ddd,navigation,HELP,"[Dimension Draw] Command List — preserve the documented operation, not merely a manually reproducible drawing.","Category launcher, not an independent geometric capability. FModel provides command search/navigation.",src/commands/utility.ts;src/commands/annotate.ts:143;src/commands/production.ts:55,sys/shortcut_6.7.4c.yqs:285;sys/yqshortcut.txt:332
yq_dim_linear,yq_dim_linear,command,main,dimensions,Dim Linear,dd,native_core,DIMLINEAR,"Dim Linear — preserve the documented operation, not merely a manually reproducible drawing.",Core outcome exists; YQArch-specific defaults and automation are not asserted equivalent.,src/commands/annotate.ts;src/commands/annotate.ts:143;src/commands/production.ts:55,sys/shortcut_6.7.4c.yqs:286;sys/yqshortcut.txt:334;sys/yqpanel.txt:300
yq_dim_aligned,yq_dim_aligned,command,main,dimensions,Dim Aligned,ddx,native_core,DIMALIGNED,"Dim Aligned — preserve the documented operation, not merely a manually reproducible drawing.",Core outcome exists; YQArch-specific defaults and automation are not asserted equivalent.,src/commands/annotate.ts;src/commands/annotate.ts:143;src/commands/production.ts:55,sys/shortcut_6.7.4c.yqs:287;sys/yqshortcut.txt:335;sys/yqpanel.txt:301
yq_dim_baseline,yq_dim_baseline,command,main,dimensions,Dim Baseline,ddb,native_core,DIMBASELINE,"Dim Baseline — preserve the documented operation, not merely a manually reproducible drawing.",Core outcome exists; YQArch-specific defaults and automation are not asserted equivalent.,src/commands/annotate.ts;src/commands/annotate.ts:143;src/commands/production.ts:55,sys/shortcut_6.7.4c.yqs:288;sys/yqshortcut.txt:336;sys/yqpanel.txt:302
yq_dim_radius,yq_dim_radius,command,main,dimensions,Dim Radius,ddr,native_core,DIMRADIUS,"Dim Radius — preserve the documented operation, not merely a manually reproducible drawing.",Core outcome exists; YQArch-specific defaults and automation are not asserted equivalent.,src/commands/annotate.ts;src/commands/annotate.ts:143;src/commands/production.ts:55,sys/shortcut_6.7.4c.yqs:289;sys/yqshortcut.txt:337;sys/yqpanel.txt:303
yq_dim_diameter,yq_dim_diameter,command,main,dimensions,Dim Diameter,ddj,native_core,DIMDIAMETER,"Dim Diameter — preserve the documented operation, not merely a manually reproducible drawing.",Core outcome exists; YQArch-specific defaults and automation are not asserted equivalent.,src/commands/annotate.ts;src/commands/annotate.ts:143;src/commands/production.ts:55,sys/shortcut_6.7.4c.yqs:290;sys/yqshortcut.txt:338;sys/yqpanel.txt:304
yq_dim_angular,yq_dim_angular,command,main,dimensions,Dim Angular,ddan,native_core,DIMANGULAR,"Dim Angular — preserve the documented operation, not merely a manually reproducible drawing.",Core outcome exists; YQArch-specific defaults and automation are not asserted equivalent.,src/commands/annotate.ts;src/commands/annotate.ts:143;src/commands/production.ts:55,sys/shortcut_6.7.4c.yqs:291;sys/yqshortcut.txt:339;sys/yqpanel.txt:305
yq_dim_arc,yq_dim_arc,command,main,dimensions,Dim Arc Length,ddar,native_core,DIMARC,"Dim Arc Length — preserve the documented operation, not merely a manually reproducible drawing.",Core outcome exists; YQArch-specific defaults and automation are not asserted equivalent.,src/commands/annotate.ts;src/commands/annotate.ts:143;src/commands/production.ts:55,sys/shortcut_6.7.4c.yqs:292;sys/yqshortcut.txt:340;sys/yqpanel.txt:306
yq_dim_arc3pts,yq_dim_arc3pts,command,main,dimensions,Dim 3 Point's Arc,dda3,missing_specialized,,"Dim 3 Point's Arc — preserve the documented operation, not merely a manually reproducible drawing.",Missing specialized automatic architectural/intersection/room/polygon dimension generation; generic dimensions and QDIM do not establish equivalence.,src/app/features.ts;src/commands/index.ts;src/commands/annotate.ts:143;src/commands/production.ts:55,sys/shortcut_6.7.4c.yqs:293;sys/yqshortcut.txt:341;sys/yqpanel.txt:307
yq_dim_qdim,yq_dim_qdim,command,main,dimensions,Dim Quick,ddq,partial,QDIM,"Dim Quick — preserve the documented operation, not merely a manually reproducible drawing.",Quick dimensions exist experimentally; automatic room/axis/opening dimensions are separate missing workflows.,src/commands/production.ts;src/commands/annotate.ts:143;src/commands/production.ts:55,sys/shortcut_6.7.4c.yqs:294;sys/yqshortcut.txt:342;sys/yqpanel.txt:308
yq_dim_closedspace,yq_dim_closedspace,command,main,dimensions,Dim Closed Space,ddz,missing_specialized,,"Dim Closed Space — preserve the documented operation, not merely a manually reproducible drawing.",Missing specialized automatic architectural/intersection/room/polygon dimension generation; generic dimensions and QDIM do not establish equivalence.,src/app/features.ts;src/commands/index.ts;src/commands/annotate.ts:143;src/commands/production.ts:55,sys/shortcut_6.7.4c.yqs:296;sys/yqshortcut.txt:344;sys/yqpanel.txt:310
yq_dim_pline,yq_dim_pline,command,main,dimensions,Dim Pline,ddzz,missing_specialized,,"Dim Pline — preserve the documented operation, not merely a manually reproducible drawing.",Missing specialized automatic architectural/intersection/room/polygon dimension generation; generic dimensions and QDIM do not establish equivalence.,src/app/features.ts;src/commands/index.ts;src/commands/annotate.ts:143;src/commands/production.ts:55,sys/shortcut_6.7.4c.yqs:297;sys/yqshortcut.txt:345;sys/yqpanel.txt:311
yq_dim_polygonsides,yq_dim_polygonsides,command,main,dimensions,Dim Pline/Lines,ddss,missing_specialized,,"Dim Pline/Lines — preserve the documented operation, not merely a manually reproducible drawing.",Missing specialized automatic architectural/intersection/room/polygon dimension generation; generic dimensions and QDIM do not establish equivalence.,src/app/features.ts;src/commands/index.ts;src/commands/annotate.ts:143;src/commands/production.ts:55,sys/shortcut_6.7.4c.yqs:298;sys/yqshortcut.txt:346;sys/yqpanel.txt:312
yq_dim_axiswd,yq_dim_axiswd,command,main,dimensions,Dim Axis/Windows,ddw,missing_specialized,,"Dim Axis/Windows — preserve the documented operation, not merely a manually reproducible drawing.",Missing specialized automatic architectural/intersection/room/polygon dimension generation; generic dimensions and QDIM do not establish equivalence.,src/app/features.ts;src/commands/index.ts;src/commands/annotate.ts:143;src/commands/production.ts:55,sys/shortcut_6.7.4c.yqs:300;sys/yqshortcut.txt:349;sys/yqpanel.txt:314
yq_dim_blocks,yq_dim_blocks,command,main,dimensions,Dim Blocks/Walls,ddww,missing_specialized,,"Dim Blocks/Walls — preserve the documented operation, not merely a manually reproducible drawing.",Missing specialized automatic architectural/intersection/room/polygon dimension generation; generic dimensions and QDIM do not establish equivalence.,src/app/features.ts;src/commands/index.ts;src/commands/annotate.ts:143;src/commands/production.ts:55,sys/shortcut_6.7.4c.yqs:301;sys/yqshortcut.txt:350;sys/yqpanel.txt:315
yq_dim_cupboard,yq_dim_cupboard,command,main,dimensions,Dim Cupboard,ddgz,missing_specialized,,"Dim Cupboard — preserve the documented operation, not merely a manually reproducible drawing.",Missing specialized automatic architectural/intersection/room/polygon dimension generation; generic dimensions and QDIM do not establish equivalence.,src/app/features.ts;src/commands/index.ts;src/commands/annotate.ts:143;src/commands/production.ts:55,sys/shortcut_6.7.4c.yqs:302;sys/yqshortcut.txt:351;sys/yqpanel.txt:316
yq_dim_stairs,yq_dim_stairs,command,main,dimensions,Dim Steps,ddst,missing_specialized,,"Dim Steps — preserve the documented operation, not merely a manually reproducible drawing.",Missing specialized automatic architectural/intersection/room/polygon dimension generation; generic dimensions and QDIM do not establish equivalence.,src/app/features.ts;src/commands/index.ts;src/commands/annotate.ts:143;src/commands/production.ts:55,sys/shortcut_6.7.4c.yqs:304;sys/yqshortcut.txt:353;sys/yqpanel.txt:318
yq_dim_dvd,yq_dim_dvd,command,main,dimensions,Dim Fix Length,ddvd,missing_specialized,,"Dim Fix Length — preserve the documented operation, not merely a manually reproducible drawing.",Missing specialized automatic architectural/intersection/room/polygon dimension generation; generic dimensions and QDIM do not establish equivalence.,src/app/features.ts;src/commands/index.ts;src/commands/annotate.ts:143;src/commands/production.ts:55,sys/shortcut_6.7.4c.yqs:305;sys/yqshortcut.txt:354;sys/yqpanel.txt:319
yq_dim_intpts,yq_dim_intpts,command,main,dimensions,Dim Break at Inters.,ddxx,missing_specialized,,"Dim Break at Inters. — preserve the documented operation, not merely a manually reproducible drawing.",Missing specialized automatic architectural/intersection/room/polygon dimension generation; generic dimensions and QDIM do not establish equivalence.,src/app/features.ts;src/commands/index.ts;src/commands/annotate.ts:143;src/commands/production.ts:55,sys/shortcut_6.7.4c.yqs:307;sys/yqshortcut.txt:356;sys/yqpanel.txt:321
yq_dim_curveintpts,yq_dim_curveintpts,command,main,dimensions,Dim Chord at Inters.,ddcc,missing_specialized,,"Dim Chord at Inters. — preserve the documented operation, not merely a manually reproducible drawing.",Missing specialized automatic architectural/intersection/room/polygon dimension generation; generic dimensions and QDIM do not establish equivalence.,src/app/features.ts;src/commands/index.ts;src/commands/annotate.ts:143;src/commands/production.ts:55,sys/shortcut_6.7.4c.yqs:308;sys/yqshortcut.txt:357;sys/yqpanel.txt:322
yq_dim_arcparts,yq_dim_arcparts,command,main,dimensions,Dim Arc at Inters.,ddac,missing_specialized,,"Dim Arc at Inters. — preserve the documented operation, not merely a manually reproducible drawing.",Missing specialized automatic architectural/intersection/room/polygon dimension generation; generic dimensions and QDIM do not establish equivalence.,src/app/features.ts;src/commands/index.ts;src/commands/annotate.ts:143;src/commands/production.ts:55,sys/shortcut_6.7.4c.yqs:309;sys/yqshortcut.txt:358;sys/yqpanel.txt:323
yq_dim_rearrange,yq_dim_rearrange,command,main,dimensions,Dim Rebuild by Texts,ddp,missing_specialized,,"Dim Rebuild by Texts — preserve the documented operation, not merely a manually reproducible drawing.",Missing specialized automatic architectural/intersection/room/polygon dimension generation; generic dimensions and QDIM do not establish equivalence.,src/app/features.ts;src/commands/index.ts;src/commands/annotate.ts:143;src/commands/production.ts:55,sys/shortcut_6.7.4c.yqs:310;sys/yqshortcut.txt:360;sys/yqpanel.txt:324
yq_dim_mergebase,yq_dim_mergebase,command,main,dimensions,Dim Merge Baseline,ddbb,missing_specialized,,"Dim Merge Baseline — preserve the documented operation, not merely a manually reproducible drawing.",Missing specialized automatic architectural/intersection/room/polygon dimension generation; generic dimensions and QDIM do not establish equivalence.,src/app/features.ts;src/commands/index.ts;src/commands/annotate.ts:143;src/commands/production.ts:55,sys/shortcut_6.7.4c.yqs:311;sys/yqshortcut.txt:359;sys/yqpanel.txt:325
yq_dim_switchlayer,yq_dim_switchlayer,command,main,dimensions,Switch DIM Layer,dder,partial,LAYER,Toggle the layer used specifically by dimension creation.,"Dimensions use the current document layer through dimBase; LAYER changes all subsequent drawing defaults, not a remembered dimension-only layer toggle.",src/commands/annotate.ts:43;src/commands/utility.ts:157,sys/shortcut_6.7.4c.yqs:313;sys/yqshortcut.txt:362;sys/yqpanel.txt:327
yq_dim_cstyle,yq_dim_cstyle,command,main,dimensions,Choose current DimStyle,dds,partial,STYLE;PROPERTIES,"Choose current DimStyle — preserve the documented operation, not merely a manually reproducible drawing.",Native dimension styles exist; exact batch update semantics need review.,src/commands/utility.ts;src/commands/annotate.ts:143;src/commands/production.ts:55,sys/shortcut_6.7.4c.yqs:314;sys/yqshortcut.txt:363;sys/yqpanel.txt:328
yq_dim_update,yq_dim_update,command,main,dimensions,Dim Update by Style,ddu,partial,STYLE;PROPERTIES,"Dim Update by Style — preserve the documented operation, not merely a manually reproducible drawing.",Native dimension styles exist; exact batch update semantics need review.,src/commands/utility.ts;src/commands/annotate.ts:143;src/commands/production.ts:55,sys/shortcut_6.7.4c.yqs:315;sys/yqshortcut.txt:364;sys/yqpanel.txt:329
yq_dim_switchstyle,yq_dim_switchstyle,command,main,dimensions,Switch YQArch Dimstyle,ddyq,host_integration,STYLE,Temporarily force or stop forcing YQArch dimension styles.,YQArch-specific override policy has no direct native host counterpart. FModel current styles remain the native mechanism.,src/commands/annotate.ts:43;src/commands/utility.ts:533,sys/shortcut_6.7.4c.yqs:316;sys/yqshortcut.txt:365;sys/yqpanel.txt:330
yq_dimmodify,yq_dimmodify,group_launcher,main,dimensions,[Dimension Modify] Command List,dddd,navigation,HELP,"[Dimension Modify] Command List — preserve the documented operation, not merely a manually reproducible drawing.","Category launcher, not an independent geometric capability. FModel provides command search/navigation.",src/commands/utility.ts;src/commands/annotate.ts:143;src/commands/production.ts:55,sys/shortcut_6.7.4c.yqs:318;sys/yqshortcut.txt:369
yq_dim_adjust,yq_dim_adjust,command,main,dimensions,Adjust TEXT Position,ddaa,missing_specialized,,"Adjust TEXT Position — preserve the documented operation, not merely a manually reproducible drawing.","No dedicated dimension split/merge, foot editing, collision avoidance or dimension-derived drawing workflow was found.",src/app/features.ts;src/commands/index.ts;src/commands/annotate.ts:143;src/commands/production.ts:55,sys/shortcut_6.7.4c.yqs:319;sys/yqshortcut.txt:371;sys/yqpanel.txt:333
yq_dim_extend,yq_dim_extend,command,main,dimensions,Extend Dim Feet,dde,missing_specialized,,"Extend Dim Feet — preserve the documented operation, not merely a manually reproducible drawing.","No dedicated dimension split/merge, foot editing, collision avoidance or dimension-derived drawing workflow was found.",src/app/features.ts;src/commands/index.ts;src/commands/annotate.ts:143;src/commands/production.ts:55,sys/shortcut_6.7.4c.yqs:321;sys/yqshortcut.txt:373;sys/yqpanel.txt:335
yq_dim_divide,yq_dim_divide,command,main,dimensions,Split Dim,dd2,missing_specialized,,"Split Dim — preserve the documented operation, not merely a manually reproducible drawing.","No dedicated dimension split/merge, foot editing, collision avoidance or dimension-derived drawing workflow was found.",src/app/features.ts;src/commands/index.ts;src/commands/annotate.ts:143;src/commands/production.ts:55,sys/shortcut_6.7.4c.yqs:322;sys/yqshortcut.txt:374;sys/yqpanel.txt:336
yq_dim_merge,yq_dim_merge,command,main,dimensions,Merge Dims,dd1,missing_specialized,,"Merge Dims — preserve the documented operation, not merely a manually reproducible drawing.","No dedicated dimension split/merge, foot editing, collision avoidance or dimension-derived drawing workflow was found.",src/app/features.ts;src/commands/index.ts;src/commands/annotate.ts:143;src/commands/production.ts:55,sys/shortcut_6.7.4c.yqs:323;sys/yqshortcut.txt:376;sys/yqpanel.txt:337
yq_dim_align,yq_dim_align,command,main,dimensions,Align Mline/Feet,ddv,missing_specialized,,"Align Mline/Feet — preserve the documented operation, not merely a manually reproducible drawing.","No dedicated dimension split/merge, foot editing, collision avoidance or dimension-derived drawing workflow was found.",src/app/features.ts;src/commands/index.ts;src/commands/annotate.ts:143;src/commands/production.ts:55,sys/shortcut_6.7.4c.yqs:324;sys/yqshortcut.txt:377;sys/yqpanel.txt:338
yq_dim_aligndimline,yq_dim_aligndimline,command,main,dimensions,Align Mline,ddvv,partial,DIMSPACE,"Align Mline — preserve the documented operation, not merely a manually reproducible drawing.",Dimension spacing exists experimentally; extension-foot alignment and YQArch batch behavior are not asserted.,src/commands/production.ts;src/commands/annotate.ts:143;src/commands/production.ts:55,sys/shortcut_6.7.4c.yqs:325;sys/yqshortcut.txt:378;sys/yqpanel.txt:339
yq_dim_alignpoints,yq_dim_alignpoints,command,main,dimensions,Align Feet,ddl,missing_specialized,,"Align Feet — preserve the documented operation, not merely a manually reproducible drawing.","No dedicated dimension split/merge, foot editing, collision avoidance or dimension-derived drawing workflow was found.",src/app/features.ts;src/commands/index.ts;src/commands/annotate.ts:143;src/commands/production.ts:55,sys/shortcut_6.7.4c.yqs:326;sys/yqshortcut.txt:379;sys/yqpanel.txt:340
yq_dim_extlen,yq_dim_extlen,command,main,dimensions,Fix Extension Lens,ddle,missing_specialized,,"Fix Extension Lens — preserve the documented operation, not merely a manually reproducible drawing.","No dedicated dimension split/merge, foot editing, collision avoidance or dimension-derived drawing workflow was found.",src/app/features.ts;src/commands/index.ts;src/commands/annotate.ts:143;src/commands/production.ts:55,sys/shortcut_6.7.4c.yqs:328;sys/yqshortcut.txt:381;sys/yqpanel.txt:342
yq_dim_adjustbase,yq_dim_adjustbase,command,main,dimensions,Adjust Base Spacing,ddy,partial,DIMSPACE,"Adjust Base Spacing — preserve the documented operation, not merely a manually reproducible drawing.",Dimension spacing exists experimentally; extension-foot alignment and YQArch batch behavior are not asserted.,src/commands/production.ts;src/commands/annotate.ts:143;src/commands/production.ts:55,sys/shortcut_6.7.4c.yqs:329;sys/yqshortcut.txt:382;sys/yqpanel.txt:343
yq_dim_batchbase,yq_dim_batchbase,command,main,dimensions,Batch Base Spacing,ddyy,partial,DIMSPACE,"Batch Base Spacing — preserve the documented operation, not merely a manually reproducible drawing.",Dimension spacing exists experimentally; extension-foot alignment and YQArch batch behavior are not asserted.,src/commands/production.ts;src/commands/annotate.ts:143;src/commands/production.ts:55,sys/shortcut_6.7.4c.yqs:330;sys/yqshortcut.txt:383;sys/yqpanel.txt:344
yq_dim_showextline,yq_dim_showextline,command,main,dimensions,Display Extension Lines,dd2e,partial,PROPERTIES;STYLE;DIMTEDIT,"Display Extension Lines — preserve the documented operation, not merely a manually reproducible drawing.","Dimension property/style/text editing exists. Exact batch reset, numeric freeze and unit conversion shortcuts need flow review.",src/app/features.ts;src/commands/index.ts;src/commands/annotate.ts:143;src/commands/production.ts:55,sys/shortcut_6.7.4c.yqs:331;sys/yqshortcut.txt:384;sys/yqpanel.txt:345
yq_dim_switch_ar,yq_dim_switch_ar,command,main,dimensions,Aligned or Rotated,ddra,missing_specialized,,Convert an existing aligned measurement to rotated/linear or vice versa while retaining references.,DIMLINEAR and DIMALIGNED create distinct dimensions; property editing offers no dimType conversion. Recreating a dimension is not this operation.,src/commands/annotate.ts:143;src/ui/panels/propertyDefs.ts:264,sys/shortcut_6.7.4c.yqs:332;sys/yqshortcut.txt:385;sys/yqpanel.txt:346
yq_dim_reverse,yq_dim_reverse,command,main,dimensions,Overturn Dim Text,ddfz,missing_specialized,,"Overturn Dim Text — preserve the documented operation, not merely a manually reproducible drawing.","No dedicated dimension split/merge, foot editing, collision avoidance or dimension-derived drawing workflow was found.",src/app/features.ts;src/commands/index.ts;src/commands/annotate.ts:143;src/commands/production.ts:55,sys/shortcut_6.7.4c.yqs:334;sys/yqshortcut.txt:387;sys/yqpanel.txt:348
yq_dim_fix,yq_dim_fix,command,main,dimensions,Lock the Text Content,ddf,partial,PROPERTIES;STYLE;DIMTEDIT,"Lock the Text Content — preserve the documented operation, not merely a manually reproducible drawing.","Dimension property/style/text editing exists. Exact batch reset, numeric freeze and unit conversion shortcuts need flow review.",src/app/features.ts;src/commands/index.ts;src/commands/annotate.ts:143;src/commands/production.ts:55,sys/shortcut_6.7.4c.yqs:335;sys/yqshortcut.txt:388;sys/yqpanel.txt:349
yq_dim_recover,yq_dim_recover,command,main,dimensions,Reset Default Value,ddre,partial,PROPERTIES;STYLE;DIMTEDIT,"Reset Default Value — preserve the documented operation, not merely a manually reproducible drawing.","Dimension property/style/text editing exists. Exact batch reset, numeric freeze and unit conversion shortcuts need flow review.",src/app/features.ts;src/commands/index.ts;src/commands/annotate.ts:143;src/commands/production.ts:55,sys/shortcut_6.7.4c.yqs:336;sys/yqshortcut.txt:389;sys/yqpanel.txt:350
yq_dim_mmtom,yq_dim_mmtom,command,main,dimensions,Units to Meter,ddm,partial,PROPERTIES;STYLE;DIMTEDIT,"Units to Meter — preserve the documented operation, not merely a manually reproducible drawing.","Dimension property/style/text editing exists. Exact batch reset, numeric freeze and unit conversion shortcuts need flow review.",src/app/features.ts;src/commands/index.ts;src/commands/annotate.ts:143;src/commands/production.ts:55,sys/shortcut_6.7.4c.yqs:337;sys/yqshortcut.txt:390;sys/yqpanel.txt:351
yq_dim_round,yq_dim_round,command,main,dimensions,Rounds Dim Value,dd0,partial,PROPERTIES;STYLE;DIMTEDIT,"Rounds Dim Value — preserve the documented operation, not merely a manually reproducible drawing.","Dimension property/style/text editing exists. Exact batch reset, numeric freeze and unit conversion shortcuts need flow review.",src/app/features.ts;src/commands/index.ts;src/commands/annotate.ts:143;src/commands/production.ts:55,sys/shortcut_6.7.4c.yqs:338;sys/yqshortcut.txt:391;sys/yqpanel.txt:352
yq_dim_newtext,yq_dim_newtext,command,main,dimensions,New Dim Text,ddn,partial,PROPERTIES;STYLE;DIMTEDIT,"New Dim Text — preserve the documented operation, not merely a manually reproducible drawing.","Dimension property/style/text editing exists. Exact batch reset, numeric freeze and unit conversion shortcuts need flow review.",src/app/features.ts;src/commands/index.ts;src/commands/annotate.ts:143;src/commands/production.ts:55,sys/shortcut_6.7.4c.yqs:339;sys/yqshortcut.txt:392;sys/yqpanel.txt:353
yq_dim_tedit,yq_dim_tedit,command,main,dimensions,Move Dim Text,ddt,native_core,DIMTEDIT,"Move Dim Text — preserve the documented operation, not merely a manually reproducible drawing.",Core outcome exists; YQArch-specific defaults and automation are not asserted equivalent.,src/commands/annotate.ts;src/commands/annotate.ts:143;src/commands/production.ts:55,sys/shortcut_6.7.4c.yqs:341;sys/yqshortcut.txt:394;sys/yqpanel.txt:355
yq_dim_home,yq_dim_home,command,main,dimensions,Reset Dim Text Home,ddh,native_core,DIMTEDIT,"Reset Dim Text Home — preserve the documented operation, not merely a manually reproducible drawing.",Core outcome exists; YQArch-specific defaults and automation are not asserted equivalent.,src/commands/annotate.ts;src/commands/annotate.ts:143;src/commands/production.ts:55,sys/shortcut_6.7.4c.yqs:342;sys/yqshortcut.txt:395;sys/yqpanel.txt:356
yq_curvetools,yq_curvetools,group_launcher,main,curve_processing,[Curve Tools] Command List,xxx,navigation,HELP,"[Curve Tools] Command List — preserve the documented operation, not merely a manually reproducible drawing.","Category launcher, not an independent geometric capability. FModel provides command search/navigation.",src/commands/utility.ts;src/commands/modify.ts:859;src/commands/draw/curves.ts:1,sys/shortcut_6.7.4c.yqs:344;sys/yqshortcut.txt:399
yq_pline_vertexes,yq_pline_vertexes,command,main,curve_processing,Add/Remove Pl Vertex,xxv,partial,PEDIT,"Add/Remove Pl Vertex — preserve the documented operation, not merely a manually reproducible drawing.",PEDIT handles closure/width/join/smoothing/reverse but exposes no add/remove-vertex option. Review grip-level vertex insertion/deletion before claiming this command covered.,src/commands/modify.ts;src/commands/modify.ts:859;src/commands/draw/curves.ts:1,sys/shortcut_6.7.4c.yqs:345;sys/yqshortcut.txt:401;sys/yqpanel.txt:364
yq_pline_optimize,yq_pline_optimize,command,main,curve_processing,Optimize Pline,xxy,missing_specialized,,"Optimize Pline — preserve the documented operation, not merely a manually reproducible drawing.","Missing dedicated curve simplification/conversion/approximation, paired-vertex joins, stylization, normal or hull-generation workflow in the registered native command surface.",src/app/features.ts;src/commands/index.ts;src/commands/modify.ts:859;src/commands/draw/curves.ts:1,sys/shortcut_6.7.4c.yqs:346;sys/yqshortcut.txt:402;sys/yqpanel.txt:365
yq_line2arc,yq_line2arc,command,main,curve_processing,Line to Arc,xxa,missing_specialized,,Convert an existing straight segment to an arc and adjust curvature in place.,PLINE creates curved segments; PEDIT removes curves or smooths a path but exposes no selected-segment line/arc conversion or curvature control.,src/commands/modify.ts:859;src/commands/draw/curves.ts:96,sys/shortcut_6.7.4c.yqs:348;sys/yqshortcut.txt:404;sys/yqpanel.txt:367
yq_plsegment_width,yq_plsegment_width,command,main,curve_processing,Pline Segment Width,xxw,partial,PEDIT,"Pline Segment Width — preserve the documented operation, not merely a manually reproducible drawing.",PEDIT edits uniform width for all segments. Per-segment width editing is not established by that command; inspect properties/grips before claiming coverage.,src/commands/modify.ts;src/commands/modify.ts:859;src/commands/draw/curves.ts:1,sys/shortcut_6.7.4c.yqs:349;sys/yqshortcut.txt:405;sys/yqpanel.txt:368
yq_plsegment_offset,yq_plsegment_offset,command,main,curve_processing,Pline Segment Offset,xxs,missing_specialized,,Offset one selected polyline segment and reconcile adjacent vertices.,OFFSET operates on whole objects; grips move vertices/midpoints rather than perform the documented distance-offset operation.,src/commands/modify.ts:277;src/modify/offsetEntity.ts:1;src/model/kinds/polylines.ts:1,sys/shortcut_6.7.4c.yqs:350;sys/yqshortcut.txt:406;sys/yqpanel.txt:369
yq_pline_join,yq_pline_join,command,main,curve_processing,Join Pline/Arc/Line,xxj,partial,JOIN,"Join Pline/Arc/Line — preserve the documented operation, not merely a manually reproducible drawing.",Compatible curve joining exists; tolerance and overlap-union semantics require comparison.,src/commands/modify.ts;src/commands/modify.ts:859;src/commands/draw/curves.ts:1,sys/shortcut_6.7.4c.yqs:352;sys/yqshortcut.txt:408;sys/yqpanel.txt:371
yq_pline_close,yq_pline_close,command,main,curve_processing,Close Pline/Arc/Line,xxc,partial,PEDIT,"Close Pline/Arc/Line — preserve the documented operation, not merely a manually reproducible drawing.",Native polyline vertex/width/closure editing exists; exact per-segment and multi-object options need flow review.,src/commands/modify.ts;src/commands/modify.ts:859;src/commands/draw/curves.ts:1,sys/shortcut_6.7.4c.yqs:353;sys/yqshortcut.txt:409;sys/yqpanel.txt:372
yq_pline_reverse,yq_pline_reverse,command,main,curve_processing,Reverse Pline Vertexs,xxfz,native_core,REVERSE,"Reverse Pline Vertexs — preserve the documented operation, not merely a manually reproducible drawing.",Core outcome exists; YQArch-specific defaults and automation are not asserted equivalent.,src/commands/modify.ts;src/commands/modify.ts:859;src/commands/draw/curves.ts:1,sys/shortcut_6.7.4c.yqs:354;sys/yqshortcut.txt:410;sys/yqpanel.txt:373
yq_wpline2wireframe,yq_wpline2wireframe,command,main,curve_processing,W-Pline to Wireframe,xxf,missing_specialized,,"W-Pline to Wireframe — preserve the documented operation, not merely a manually reproducible drawing.","Missing dedicated curve simplification/conversion/approximation, paired-vertex joins, stylization, normal or hull-generation workflow in the registered native command surface.",src/app/features.ts;src/commands/index.ts;src/commands/modify.ts:859;src/commands/draw/curves.ts:1,sys/shortcut_6.7.4c.yqs:355;sys/yqshortcut.txt:411;sys/yqpanel.txt:374
yq_connectvertexes,yq_connectvertexes,command,main,curve_processing,Connect Vertexes,ljx,missing_specialized,,"Connect Vertexes — preserve the documented operation, not merely a manually reproducible drawing.","Missing dedicated curve simplification/conversion/approximation, paired-vertex joins, stylization, normal or hull-generation workflow in the registered native command surface.",src/app/features.ts;src/commands/index.ts;src/commands/modify.ts:859;src/commands/draw/curves.ts:1,sys/shortcut_6.7.4c.yqs:356;sys/yqshortcut.txt:412;sys/yqpanel.txt:375
yq_outline,yq_outline,command,main,curve_processing,Find Border/Outline,lk,partial,BOUNDARY,"Find Border/Outline — preserve the documented operation, not merely a manually reproducible drawing.","Boundary discovery exists. Outer hulls, fuzzy gap bridging and batch region discovery are separate capabilities.",src/commands/draw/areas.ts;src/commands/modify.ts:859;src/commands/draw/curves.ts:1,sys/shortcut_6.7.4c.yqs:358;sys/yqshortcut.txt:414;sys/yqpanel.txt:377
yq_innercontours,yq_innercontours,command,main,curve_processing,Find Inner Contours,nlk,partial,BOUNDARY,"Find Inner Contours — preserve the documented operation, not merely a manually reproducible drawing.","Boundary discovery exists. Outer hulls, fuzzy gap bridging and batch region discovery are separate capabilities.",src/commands/draw/areas.ts;src/commands/modify.ts:859;src/commands/draw/curves.ts:1,sys/shortcut_6.7.4c.yqs:359;sys/yqshortcut.txt:415;sys/yqpanel.txt:378
yq_inneroffset,yq_inneroffset,command,main,curve_processing,Inner Contours + Offset,nlks,partial,BOUNDARY;OFFSET,Discover an inner contour and offset the resulting boundary in the same operation.,"Both primitive steps exist, but require separate commands and no combined contour/offset transaction or preview is exposed.",src/commands/draw/areas.ts:230;src/commands/modify.ts:277,sys/shortcut_6.7.4c.yqs:360;sys/yqshortcut.txt:416;sys/yqpanel.txt:379
yq_tofreehand,yq_tofreehand,command,main,curve_processing,Convert to Freehand,hw,missing_specialized,,"Convert to Freehand — preserve the documented operation, not merely a manually reproducible drawing.","Missing dedicated curve simplification/conversion/approximation, paired-vertex joins, stylization, normal or hull-generation workflow in the registered native command surface.",src/app/features.ts;src/commands/index.ts;src/commands/modify.ts:859;src/commands/draw/curves.ts:1,sys/shortcut_6.7.4c.yqs:361;sys/yqshortcut.txt:417;sys/yqpanel.txt:380
yq_break_equal,yq_break_equal,command,main,curve_processing,Break into Equal Parts,df,missing_specialized,,Split a curve into N equal-length curve pieces.,DIVIDE places points/blocks; BREAKATPOINT splits at one chosen point. No command splits all equal intervals atomically.,src/commands/draw/construction.ts:280;src/commands/modify.ts:778,sys/shortcut_6.7.4c.yqs:363;sys/yqshortcut.txt:419;sys/yqpanel.txt:382
yq_2ptsdivide,yq_2ptsdivide,command,main,curve_processing,Divide by 2 Points,dfx,partial,DIVIDE,Divide a span defined by two points into equal stations.,"DIVIDE supports an existing curve. A temporary line could be drawn manually, but direct two-point station creation is absent.",src/commands/draw/construction.ts:280,sys/shortcut_6.7.4c.yqs:364;sys/yqshortcut.txt:420;sys/yqpanel.txt:383
yq_ellipse2arc,yq_ellipse2arc,command,main,curve_processing,Ellipse to Arcs,e2a,missing_specialized,,"Ellipse to Arcs — preserve the documented operation, not merely a manually reproducible drawing.","Missing dedicated curve simplification/conversion/approximation, paired-vertex joins, stylization, normal or hull-generation workflow in the registered native command surface.",src/app/features.ts;src/commands/index.ts;src/commands/modify.ts:859;src/commands/draw/curves.ts:1,sys/shortcut_6.7.4c.yqs:366;sys/yqshortcut.txt:422;sys/yqpanel.txt:385
yq_spline2apline,yq_spline2apline,command,main,curve_processing,Curve to Arc Pline,cca,missing_specialized,,"Curve to Arc Pline — preserve the documented operation, not merely a manually reproducible drawing.","Missing dedicated curve simplification/conversion/approximation, paired-vertex joins, stylization, normal or hull-generation workflow in the registered native command surface.",src/app/features.ts;src/commands/index.ts;src/commands/modify.ts:859;src/commands/draw/curves.ts:1,sys/shortcut_6.7.4c.yqs:367;sys/yqshortcut.txt:423
yq_spline2xpline,yq_spline2xpline,command,main,curve_processing,Curve to Line Pline,ccx,missing_specialized,,"Curve to Line Pline — preserve the documented operation, not merely a manually reproducible drawing.","Missing dedicated curve simplification/conversion/approximation, paired-vertex joins, stylization, normal or hull-generation workflow in the registered native command surface.",src/app/features.ts;src/commands/index.ts;src/commands/modify.ts:859;src/commands/draw/curves.ts:1,sys/shortcut_6.7.4c.yqs:368;sys/yqshortcut.txt:425
yq_curve2bowstring,yq_curve2bowstring,command,main,curve_processing,Curve to Bowstrings,ccxx,missing_specialized,,"Curve to Bowstrings — preserve the documented operation, not merely a manually reproducible drawing.","Missing dedicated curve simplification/conversion/approximation, paired-vertex joins, stylization, normal or hull-generation workflow in the registered native command surface.",src/app/features.ts;src/commands/index.ts;src/commands/modify.ts:859;src/commands/draw/curves.ts:1,sys/shortcut_6.7.4c.yqs:369;sys/yqshortcut.txt:427;sys/yqpanel.txt:388
yq_curveprojection,yq_curveprojection,command,main,curve_processing,Curve Projection,ccy,missing_specialized,,Generate the documented curve projection geometry; only a 2D target plane is in scope.,No reachable projection-generation command exists. The short source entry does not establish the complete projection modes; do not infer a 3D exclusion from its name.,src/commands/index.ts:23;src/commands/draw/curves.ts:354,sys/shortcut_6.7.4c.yqs:370;sys/yqshortcut.txt:428;sys/yqpanel.txt:389
yq_extratools,yq_extratools,group_launcher,main,geometry_productivity,[Extra Tools] Command List,eee,navigation,HELP,"[Extra Tools] Command List — preserve the documented operation, not merely a manually reproducible drawing.","Category launcher, not an independent geometric capability. FModel provides command search/navigation.",src/commands/utility.ts;src/commands/modify.ts:94,sys/shortcut_6.7.4c.yqs:372;sys/yqshortcut.txt:432
yq_numberlines,yq_numberlines,command,main,geometry_productivity,Number Lines Manage,vv,missing_specialized,,"Number Lines Manage — preserve the documented operation, not merely a manually reproducible drawing.","Missing number-driven unequal spacing, paired-line editing, multi-cutter/detail extraction, deformation, enclosing-shape and point-array automation.",src/app/features.ts;src/commands/index.ts;src/commands/modify.ts:94,sys/shortcut_6.7.4c.yqs:373;sys/yqshortcut.txt:434;sys/yqpanel.txt:392
yq_doubleline,yq_doubleline,command,main,geometry_productivity,Double Lines,xd,partial,MLINE,"Double Lines — preserve the documented operation, not merely a manually reproducible drawing.","Native multiline drawing exists; arbitrary double-line recognition, scissors and distance-aware edits are absent.",src/commands/draw/areas.ts;src/commands/modify.ts:94,sys/shortcut_6.7.4c.yqs:375;sys/yqshortcut.txt:436;sys/yqpanel.txt:394
yq_trimdoubleline,yq_trimdoubleline,command,main,geometry_productivity,Double Lines Scissor,tx,missing_specialized,,"Double Lines Scissor — preserve the documented operation, not merely a manually reproducible drawing.","Missing number-driven unequal spacing, paired-line editing, multi-cutter/detail extraction, deformation, enclosing-shape and point-array automation.",src/app/features.ts;src/commands/index.ts;src/commands/modify.ts:94,sys/shortcut_6.7.4c.yqs:376;sys/yqshortcut.txt:437;sys/yqpanel.txt:395
yq_dlinethickness,yq_dlinethickness,command,main,geometry_productivity,Edit Dline Thickness,xdt,missing_specialized,,"Edit Dline Thickness — preserve the documented operation, not merely a manually reproducible drawing.","Missing number-driven unequal spacing, paired-line editing, multi-cutter/detail extraction, deformation, enclosing-shape and point-array automation.",src/app/features.ts;src/commands/index.ts;src/commands/modify.ts:94,sys/shortcut_6.7.4c.yqs:377;sys/yqshortcut.txt:438;sys/yqpanel.txt:396
yq_2doubleline,yq_2doubleline,command,main,geometry_productivity,Edit to Dline,xxd,missing_specialized,,"Edit to Dline — preserve the documented operation, not merely a manually reproducible drawing.","Missing number-driven unequal spacing, paired-line editing, multi-cutter/detail extraction, deformation, enclosing-shape and point-array automation.",src/app/features.ts;src/commands/index.ts;src/commands/modify.ts:94,sys/shortcut_6.7.4c.yqs:378;sys/yqshortcut.txt:439;sys/yqpanel.txt:397
yq_dline_offset,yq_dline_offset,command,main,geometry_productivity,Dline Offset,xdo,missing_specialized,,"Dline Offset — preserve the documented operation, not merely a manually reproducible drawing.","Missing number-driven unequal spacing, paired-line editing, multi-cutter/detail extraction, deformation, enclosing-shape and point-array automation.",src/app/features.ts;src/commands/index.ts;src/commands/modify.ts:94,sys/shortcut_6.7.4c.yqs:379;sys/yqshortcut.txt:440
yq_doublelineaxis,yq_doublelineaxis,command,main,geometry_productivity,Axis of Double Lines,ce,missing_specialized,,"Axis of Double Lines — preserve the documented operation, not merely a manually reproducible drawing.","Missing number-driven unequal spacing, paired-line editing, multi-cutter/detail extraction, deformation, enclosing-shape and point-array automation.",src/app/features.ts;src/commands/index.ts;src/commands/modify.ts:94,sys/shortcut_6.7.4c.yqs:380;sys/yqshortcut.txt:441;sys/yqpanel.txt:398
yq_alignment,yq_alignment,command,main,geometry_productivity,Objects Alignment,dq,partial,ALIGN,"Objects Alignment — preserve the documented operation, not merely a manually reproducible drawing.",Reference-point alignment exists; edge/center/distribution alignment is not demonstrated.,src/commands/modify.ts;src/commands/modify.ts:94,sys/shortcut_6.7.4c.yqs:382;sys/yqshortcut.txt:443;sys/yqpanel.txt:400
yq_leaderalign,yq_leaderalign,command,main,geometry_productivity,Leaders Alignment,aadq,missing_specialized,,Align multiple existing leaders/landings according to a shared guide.,TEXTALIGN filters TEXT/MTEXT; MLEADER creates leaders. Neither aligns a set of leaders.,src/commands/production.ts:472;src/commands/draw/annotation.ts:135,sys/shortcut_6.7.4c.yqs:383;sys/yqshortcut.txt:444;sys/yqpanel.txt:401
yq_alignframe,yq_alignframe,command,main,geometry_productivity,Align Frame & Line,tktz,missing_specialized,,Resize a drawing frame to a referenced line length.,"ALIGN can transform selected geometry, but does not identify frame extents/reference conventions automatically.",src/commands/modify.ts:996;src/commands/layout.ts:457,sys/shortcut_6.7.4c.yqs:384;sys/yqshortcut.txt:445;sys/yqpanel.txt:402
yq_breakbyknife,yq_breakbyknife,command,main,geometry_productivity,Break by a Knife,bd,missing_specialized,,"Break by a Knife — preserve the documented operation, not merely a manually reproducible drawing.","Missing number-driven unequal spacing, paired-line editing, multi-cutter/detail extraction, deformation, enclosing-shape and point-array automation.",src/app/features.ts;src/commands/index.ts;src/commands/modify.ts:94,sys/shortcut_6.7.4c.yqs:386;sys/yqshortcut.txt:447;sys/yqpanel.txt:404
yq_breakbyknives,yq_breakbyknives,command,main,geometry_productivity,Break by Knives,bdd,missing_specialized,,"Break by Knives — preserve the documented operation, not merely a manually reproducible drawing.","Missing number-driven unequal spacing, paired-line editing, multi-cutter/detail extraction, deformation, enclosing-shape and point-array automation.",src/app/features.ts;src/commands/index.ts;src/commands/modify.ts:94,sys/shortcut_6.7.4c.yqs:387;sys/yqshortcut.txt:448;sys/yqpanel.txt:405
yq_breakanderase,yq_breakanderase,command,main,geometry_productivity,Break/Erase in Curve,bx,missing_specialized,,"Break/Erase in Curve — preserve the documented operation, not merely a manually reproducible drawing.","Missing number-driven unequal spacing, paired-line editing, multi-cutter/detail extraction, deformation, enclosing-shape and point-array automation.",src/app/features.ts;src/commands/index.ts;src/commands/modify.ts:94,sys/shortcut_6.7.4c.yqs:388;sys/yqshortcut.txt:449;sys/yqpanel.txt:406
yq_pastedetaildwg,yq_pastedetaildwg,command,main,geometry_productivity,Copy/Paste the Detail,qg,missing_specialized,,"Copy/Paste the Detail — preserve the documented operation, not merely a manually reproducible drawing.","Missing number-driven unequal spacing, paired-line editing, multi-cutter/detail extraction, deformation, enclosing-shape and point-array automation.",src/app/features.ts;src/commands/index.ts;src/commands/modify.ts:94,sys/shortcut_6.7.4c.yqs:389;sys/yqshortcut.txt:450;sys/yqpanel.txt:407
yq_transform,yq_transform,command,main,geometry_productivity,Transform,tf,missing_specialized,,"Transform — preserve the documented operation, not merely a manually reproducible drawing.","Missing number-driven unequal spacing, paired-line editing, multi-cutter/detail extraction, deformation, enclosing-shape and point-array automation.",src/app/features.ts;src/commands/index.ts;src/commands/modify.ts:94,sys/shortcut_6.7.4c.yqs:391;sys/yqshortcut.txt:452;sys/yqpanel.txt:409
yq_boundingbox,yq_boundingbox,command,main,geometry_productivity,Objects Bounding Box,jx,missing_specialized,,Generate a bounding rectangle/center geometry or replace selected entities with their bounds.,Bounding boxes are internal for selection/rendering; no registered command materializes or replaces objects with their bounds.,src/commands/index.ts:23;src/geometry/bbox.ts:1,sys/shortcut_6.7.4c.yqs:393;sys/yqshortcut.txt:454;sys/yqpanel.txt:411
yq_toboundingbox,yq_toboundingbox,command,main,geometry_productivity,Convert to Bounding Box,wk,missing_specialized,,Generate a bounding rectangle/center geometry or replace selected entities with their bounds.,Bounding boxes are internal for selection/rendering; no registered command materializes or replaces objects with their bounds.,src/commands/index.ts:23;src/geometry/bbox.ts:1,sys/shortcut_6.7.4c.yqs:394;sys/yqshortcut.txt:455;sys/yqpanel.txt:412
yq_minboundingbox,yq_minboundingbox,command,main,geometry_productivity,Minimum Bounding Box,xjx,missing_specialized,,"Minimum Bounding Box — preserve the documented operation, not merely a manually reproducible drawing.","Missing number-driven unequal spacing, paired-line editing, multi-cutter/detail extraction, deformation, enclosing-shape and point-array automation.",src/app/features.ts;src/commands/index.ts;src/commands/modify.ts:94,sys/shortcut_6.7.4c.yqs:395;sys/yqshortcut.txt:456;sys/yqpanel.txt:413
yq_overturn,yq_overturn,command,main,geometry_productivity,Turn Objects,fz,partial,MIRROR,Flip selected objects using the dedicated turn/door-direction workflow.,"MIRROR reflects geometry about a supplied axis. It has no inferred architectural flip anchor nor wall-opening repair, so it is only a generic partial basis.",src/commands/modify.ts:252;src/commands/architectureOpenings.ts:40,sys/shortcut_6.7.4c.yqs:397;sys/yqshortcut.txt:458;sys/yqpanel.txt:415
yq_exchangelocation,yq_exchangelocation,command,main,geometry_productivity,Exchange Location,jh,missing_specialized,,"Exchange Location — preserve the documented operation, not merely a manually reproducible drawing.","Missing dedicated per-object-center transforms, nonuniform general-entity scaling, remembered transforms or combined/distributed transform workflow; generic MOVE/COPY/SCALE are not equivalence.",src/app/features.ts;src/commands/index.ts;src/commands/modify.ts:94,sys/shortcut_6.7.4c.yqs:398;sys/yqshortcut.txt:459;sys/yqpanel.txt:416
yq_copy2points,yq_copy2points,command,main,geometry_productivity,Copy to Points,dzbz,missing_specialized,,"Copy to Points — preserve the documented operation, not merely a manually reproducible drawing.","Missing dedicated per-object-center transforms, nonuniform general-entity scaling, remembered transforms or combined/distributed transform workflow; generic MOVE/COPY/SCALE are not equivalence.",src/app/features.ts;src/commands/index.ts;src/commands/modify.ts:94,sys/shortcut_6.7.4c.yqs:399;sys/yqshortcut.txt:460;sys/yqpanel.txt:417
yq_assistantlines,yq_assistantlines,command,main,geometry_productivity,Assistant Lines,fzx,missing_specialized,,"Generate construction guides from selected or locally windowed geometry, including block base points.",XLINE draws explicitly located lines. It does not derive multiple guides from source geometry/selection extents.,src/commands/draw/construction.ts:73,sys/shortcut_6.7.4c.yqs:400;sys/yqshortcut.txt:461;sys/yqpanel.txt:418
yq_modifyplus,yq_modifyplus,group_launcher,main,geometry_productivity,[Edit Plus] Command List,eeee,navigation,HELP,"[Edit Plus] Command List — preserve the documented operation, not merely a manually reproducible drawing.","Category launcher, not an independent geometric capability. FModel provides command search/navigation.",src/commands/utility.ts;src/commands/modify.ts:94,sys/shortcut_6.7.4c.yqs:402;sys/yqshortcut.txt:465
yq_scale_each,yq_scale_each,command,main,geometry_productivity,Scale for Each,asc,missing_specialized,,"Scale for Each — preserve the documented operation, not merely a manually reproducible drawing.","Missing dedicated per-object-center transforms, nonuniform general-entity scaling, remembered transforms or combined/distributed transform workflow; generic MOVE/COPY/SCALE are not equivalence.",src/app/features.ts;src/commands/index.ts;src/commands/modify.ts:94,sys/shortcut_6.7.4c.yqs:403;sys/yqshortcut.txt:467;sys/yqpanel.txt:421
yq_rotate_each,yq_rotate_each,command,main,geometry_productivity,Rotate for Each,art,missing_specialized,,"Rotate for Each — preserve the documented operation, not merely a manually reproducible drawing.","Missing dedicated per-object-center transforms, nonuniform general-entity scaling, remembered transforms or combined/distributed transform workflow; generic MOVE/COPY/SCALE are not equivalence.",src/app/features.ts;src/commands/index.ts;src/commands/modify.ts:94,sys/shortcut_6.7.4c.yqs:404;sys/yqshortcut.txt:468;sys/yqpanel.txt:422
yq_mirror_each,yq_mirror_each,command,main,geometry_productivity,Mirror for Each,ami,missing_specialized,,"Mirror for Each — preserve the documented operation, not merely a manually reproducible drawing.","Missing dedicated per-object-center transforms, nonuniform general-entity scaling, remembered transforms or combined/distributed transform workflow; generic MOVE/COPY/SCALE are not equivalence.",src/app/features.ts;src/commands/index.ts;src/commands/modify.ts:94,sys/shortcut_6.7.4c.yqs:405;sys/yqshortcut.txt:469;sys/yqpanel.txt:423
yq_scalexyz,yq_scalexyz,command,main,geometry_productivity,XY Scale,scx,missing_specialized,,"XY Scale — preserve the documented operation, not merely a manually reproducible drawing.","Missing dedicated per-object-center transforms, nonuniform general-entity scaling, remembered transforms or combined/distributed transform workflow; generic MOVE/COPY/SCALE are not equivalence.",src/app/features.ts;src/commands/index.ts;src/commands/modify.ts:94,sys/shortcut_6.7.4c.yqs:406;sys/yqshortcut.txt:471;sys/yqpanel.txt:424
yq_dynamiccopy,yq_dynamiccopy,command,main,geometry_productivity,Dynamic Copy,cv,native_core,COPY,"Dynamic Copy — preserve the documented operation, not merely a manually reproducible drawing.",Core outcome exists; YQArch-specific defaults and automation are not asserted equivalent.,src/commands/modify.ts;src/commands/modify.ts:94,sys/shortcut_6.7.4c.yqs:408;sys/yqshortcut.txt:473;sys/yqpanel.txt:426
yq_stretch_d,yq_stretch_d,command,main,geometry_productivity,Stretch with Distance,std,native_core,STRETCH,"Stretch with Distance — preserve the documented operation, not merely a manually reproducible drawing.",Core outcome exists; YQArch-specific defaults and automation are not asserted equivalent.,src/commands/modify.ts;src/commands/modify.ts:94,sys/shortcut_6.7.4c.yqs:409;sys/yqshortcut.txt:474;sys/yqpanel.txt:427
yq_move_d,yq_move_d,command,main,geometry_productivity,Move with a Distance,vd,native_core,MOVE,"Move with a Distance — preserve the documented operation, not merely a manually reproducible drawing.",Core outcome exists; YQArch-specific defaults and automation are not asserted equivalent.,src/commands/modify.ts;src/commands/modify.ts:94,sys/shortcut_6.7.4c.yqs:410;sys/yqshortcut.txt:475;sys/yqpanel.txt:428
yq_move_memorial,yq_move_memorial,command,main,geometry_productivity,Memorial Move,vr,missing_specialized,,"Memorial Move — preserve the documented operation, not merely a manually reproducible drawing.","Missing dedicated per-object-center transforms, nonuniform general-entity scaling, remembered transforms or combined/distributed transform workflow; generic MOVE/COPY/SCALE are not equivalence.",src/app/features.ts;src/commands/index.ts;src/commands/modify.ts:94,sys/shortcut_6.7.4c.yqs:411;sys/yqshortcut.txt:476;sys/yqpanel.txt:429
yq_copy_memorial,yq_copy_memorial,command,main,geometry_productivity,Memorial Copy,cr,missing_specialized,,"Memorial Copy — preserve the documented operation, not merely a manually reproducible drawing.","Missing dedicated per-object-center transforms, nonuniform general-entity scaling, remembered transforms or combined/distributed transform workflow; generic MOVE/COPY/SCALE are not equivalence.",src/app/features.ts;src/commands/index.ts;src/commands/modify.ts:94,sys/shortcut_6.7.4c.yqs:412;sys/yqshortcut.txt:477;sys/yqpanel.txt:430
yq_superoffset,yq_superoffset,command,main,geometry_productivity,Super Offset,sf,missing_specialized,,"Super Offset — preserve the documented operation, not merely a manually reproducible drawing.","Missing dedicated per-object-center transforms, nonuniform general-entity scaling, remembered transforms or combined/distributed transform workflow; generic MOVE/COPY/SCALE are not equivalence.",src/app/features.ts;src/commands/index.ts;src/commands/modify.ts:94,sys/shortcut_6.7.4c.yqs:414;sys/yqshortcut.txt:479;sys/yqpanel.txt:432
yq_extendtopoint,yq_extendtopoint,command,main,geometry_productivity,Extend to Point,exx,partial,EXTEND;LENGTHEN,Extend a curve to a specified point or target line.,EXTEND reaches boundary curves; LENGTHEN changes length dynamically or numerically. Point-target extension is not an exposed combined workflow.,src/commands/modify.ts:370;src/commands/modify.ts:946,sys/shortcut_6.7.4c.yqs:415;sys/yqshortcut.txt:480;sys/yqpanel.txt:433
yq_join_arcline,yq_join_arcline,command,main,geometry_productivity,Link Arc/Line/Pline,ff,partial,JOIN,"Link Arc/Line/Pline — preserve the documented operation, not merely a manually reproducible drawing.",Compatible curve joining exists; tolerance and overlap-union semantics require comparison.,src/commands/modify.ts;src/commands/modify.ts:94,sys/shortcut_6.7.4c.yqs:417;sys/yqshortcut.txt:483;sys/yqpanel.txt:435
yq_connect2glines,yq_connect2glines,command,main,geometry_productivity,Connect 2 Group Lines,fx,missing_specialized,,Extend both groups of lines to meet corresponding intersections.,EXTEND edits one picked target at a time; no paired two-group matching/connection flow is present.,src/commands/modify.ts:370,sys/shortcut_6.7.4c.yqs:418;sys/yqshortcut.txt:484;sys/yqpanel.txt:436
yq_quickwipeout,yq_quickwipeout,command,main,geometry_productivity,Add/Remove Wipeouts,zz,partial,WIPEOUT,"Add/Remove Wipeouts — preserve the documented operation, not merely a manually reproducible drawing.",Wipeout creation exists; automatic add/subtract around entities is not equivalent.,src/commands/draw/areas.ts;src/commands/modify.ts:94,sys/shortcut_6.7.4c.yqs:420;sys/yqshortcut.txt:486;sys/yqpanel.txt:438
yq_breakall,yq_breakall,command,main,geometry_productivity,Break All Objects,ba,missing_specialized,,"Break All Objects — preserve the documented operation, not merely a manually reproducible drawing.","Missing tolerance-aware fuzzy contour, batch cut/trim/intersection and region-dependent line-style workflow. BOUNDARY/TRIM/BREAK do not establish this behavior.",src/app/features.ts;src/commands/index.ts;src/commands/modify.ts:94,sys/shortcut_6.7.4c.yqs:422;sys/yqshortcut.txt:488;sys/yqpanel.txt:440
yq_breakerase,yq_breakerase,command,main,geometry_productivity,Break and Erase,te,missing_specialized,,"Break and Erase — preserve the documented operation, not merely a manually reproducible drawing.","Missing tolerance-aware fuzzy contour, batch cut/trim/intersection and region-dependent line-style workflow. BOUNDARY/TRIM/BREAK do not establish this behavior.",src/app/features.ts;src/commands/index.ts;src/commands/modify.ts:94,sys/shortcut_6.7.4c.yqs:423;sys/yqshortcut.txt:489;sys/yqpanel.txt:441
yq_break_at,yq_break_at,command,main,geometry_productivity,Break At A Point,bb,native_core,BREAKATPOINT,"Break At A Point — preserve the documented operation, not merely a manually reproducible drawing.",Core outcome exists; YQArch-specific defaults and automation are not asserted equivalent.,src/commands/modify.ts;src/commands/modify.ts:94,sys/shortcut_6.7.4c.yqs:424;sys/yqshortcut.txt:490;sys/yqpanel.txt:442
yq_break_at2,yq_break_at2,command,main,geometry_productivity,Break At 2 Points,bf,native_core,BREAK,"Break At 2 Points — preserve the documented operation, not merely a manually reproducible drawing.",Core outcome exists; YQArch-specific defaults and automation are not asserted equivalent.,src/commands/modify.ts;src/commands/modify.ts:94,sys/shortcut_6.7.4c.yqs:425;sys/yqshortcut.txt:491;sys/yqpanel.txt:443
yq_checkcorrect,yq_checkcorrect,group_launcher,main,drawing_quality,[Check adn Correct] Command List,ccc,navigation,HELP,"[Check adn Correct] Command List — preserve the documented operation, not merely a manually reproducible drawing.","Category launcher, not an independent geometric capability. FModel provides command search/navigation.",src/commands/utility.ts;src/commands/audit.ts:1;src/commands/modify.ts:1080,sys/shortcut_6.7.4c.yqs:427;sys/yqshortcut.txt:495
yq_clear_z,yq_clear_z,command,main,drawing_quality,Flatten Out Objects,z0,out_of_scope_3d,,"Flatten Out Objects — preserve the documented operation, not merely a manually reproducible drawing.",Z/3D geometry or 3D projection behavior is outside FModel’s explicit 2D scope. 2D elevations and sections elsewhere remain in scope.,AGENTS.md;src/commands/audit.ts:1;src/commands/modify.ts:1080,sys/shortcut_6.7.4c.yqs:428;sys/yqshortcut.txt:497;sys/yqpanel.txt:446
yq_block_z0,yq_block_z0,command,main,drawing_quality,Flatten Out Blocks,bbz0,out_of_scope_3d,,"Flatten Out Blocks — preserve the documented operation, not merely a manually reproducible drawing.",Z/3D geometry or 3D projection behavior is outside FModel’s explicit 2D scope. 2D elevations and sections elsewhere remain in scope.,AGENTS.md;src/commands/audit.ts:1;src/commands/modify.ts:1080,sys/shortcut_6.7.4c.yqs:429;sys/yqshortcut.txt:498;sys/yqpanel.txt:447
yq_remove_duplicate,yq_remove_duplicate,command,main,drawing_quality,Eliminate Overlapping,rd,native_core,OVERKILL,"Eliminate Overlapping — preserve the documented operation, not merely a manually reproducible drawing.",Core outcome exists; YQArch-specific defaults and automation are not asserted equivalent.,src/commands/modify.ts;src/commands/audit.ts:1;src/commands/modify.ts:1080,sys/shortcut_6.7.4c.yqs:431;sys/yqshortcut.txt:501;sys/yqpanel.txt:449
yq_lineunion,yq_lineunion,command,main,drawing_quality,Merge Overlapping Lines,lu,native_core,OVERKILL,Merge selected overlapping collinear lines into longer lines.,"OVERKILL explicitly merges overlapping collinear lines, within its selected tolerance/property policy.",src/commands/modify.ts:1080,sys/shortcut_6.7.4c.yqs:432;sys/yqshortcut.txt:502;sys/yqpanel.txt:450
yq_linklinearc,yq_linklinearc,command,main,drawing_quality,Connect Lines/Arcs,lx,partial,JOIN,Batch-connect broken lines and arcs.,JOIN chains entities from a chosen seed; it does not automatically process every disconnected chain in a set.,src/commands/modify.ts:747,sys/shortcut_6.7.4c.yqs:433;sys/yqshortcut.txt:503;sys/yqpanel.txt:451
yq_lineclean,yq_lineclean,command,main,drawing_quality,Remove Pt/Short-Lines,lc,missing_specialized,,"Remove Pt/Short-Lines — preserve the documented operation, not merely a manually reproducible drawing.","Missing dedicated short-object cleanup, grid correction and nonorthogonality detection/correction workflow. General audit/overkill is not sufficient evidence.",src/app/features.ts;src/commands/index.ts;src/commands/audit.ts:1;src/commands/modify.ts:1080,sys/shortcut_6.7.4c.yqs:434;sys/yqshortcut.txt:504;sys/yqpanel.txt:452
yq_adjust,yq_adjust,command,main,drawing_quality,Adjust to grid,jz,missing_specialized,,"Adjust to grid — preserve the documented operation, not merely a manually reproducible drawing.","Missing dedicated short-object cleanup, grid correction and nonorthogonality detection/correction workflow. General audit/overkill is not sufficient evidence.",src/app/features.ts;src/commands/index.ts;src/commands/audit.ts:1;src/commands/modify.ts:1080,sys/shortcut_6.7.4c.yqs:435;sys/yqshortcut.txt:505;sys/yqpanel.txt:453
yq_oblique_correction,yq_oblique_correction,command,main,drawing_quality,Oblique Correction,xgz,missing_specialized,,"Oblique Correction — preserve the documented operation, not merely a manually reproducible drawing.","Missing dedicated short-object cleanup, grid correction and nonorthogonality detection/correction workflow. General audit/overkill is not sufficient evidence.",src/app/features.ts;src/commands/index.ts;src/commands/audit.ts:1;src/commands/modify.ts:1080,sys/shortcut_6.7.4c.yqs:436;sys/yqshortcut.txt:506;sys/yqpanel.txt:454
yq_merge,yq_merge,command,main,drawing_quality,Dialog Merge,xhb,partial,LAYMRG,"Merge layer, text-style and dimension-style records and retarget entities.",LAYMRG implements layer merging; no generic text/dimension-style merge-and-retarget command exists.,src/commands/utility.ts:234;src/commands/utility.ts:357;src/ui/dialogs/StylesDialog.tsx:1,sys/shortcut_6.7.4c.yqs:438;sys/yqshortcut.txt:508;sys/yqpanel.txt:456
yq_purgeall,yq_purgeall,command,main,drawing_quality,Purge All,pua,native_core,PURGE,"Purge All — preserve the documented operation, not merely a manually reproducible drawing.",Core outcome exists; YQArch-specific defaults and automation are not asserted equivalent.,src/commands/modify.ts;src/commands/audit.ts:1;src/commands/modify.ts:1080,sys/shortcut_6.7.4c.yqs:439;sys/yqshortcut.txt:509;sys/yqpanel.txt:457
yq_purgefiles,yq_purgefiles,command,main,drawing_quality,Purge DWGs in Folder,puf,host_integration,,"Purge DWGs in Folder — preserve the documented operation, not merely a manually reproducible drawing.",Tied to AutoCAD/Windows/Tianzheng/plugin installation or host-only object/filesystem conventions. Evaluate a native 2D outcome separately; no literal host integration parity.,AGENTS.md;src/commands/audit.ts:1;src/commands/modify.ts:1080,sys/shortcut_6.7.4c.yqs:440;sys/yqshortcut.txt:510;sys/yqpanel.txt:458
yq_checkcolor,yq_checkcolor,command,main,drawing_quality,Check Object's Color,cys,native_core,PROPERTIES;LIST,"Check Object's Color — preserve the documented operation, not merely a manually reproducible drawing.",Core outcome exists; YQArch-specific defaults and automation are not asserted equivalent.,src/commands/utility.ts;src/commands/audit.ts:1;src/commands/modify.ts:1080,sys/shortcut_6.7.4c.yqs:442;sys/yqshortcut.txt:512;sys/yqpanel.txt:460
yq_findnonortholines,yq_findnonortholines,command,main,drawing_quality,Find Non-Ortho Lines,bpx,missing_specialized,,"Find Non-Ortho Lines — preserve the documented operation, not merely a manually reproducible drawing.","Missing dedicated short-object cleanup, grid correction and nonorthogonality detection/correction workflow. General audit/overkill is not sufficient evidence.",src/app/features.ts;src/commands/index.ts;src/commands/audit.ts:1;src/commands/modify.ts:1080,sys/shortcut_6.7.4c.yqs:443;sys/yqshortcut.txt:513;sys/yqpanel.txt:461
yq_ucsmatch,yq_ucsmatch,command,main,drawing_quality,Find Unmatch WCS Plan,um,out_of_scope_3d,,"Find Unmatch WCS Plan — preserve the documented operation, not merely a manually reproducible drawing.",Z/3D geometry or 3D projection behavior is outside FModel’s explicit 2D scope. 2D elevations and sections elsewhere remain in scope.,AGENTS.md;src/commands/audit.ts:1;src/commands/modify.ts:1080,sys/shortcut_6.7.4c.yqs:444;sys/yqshortcut.txt:514;sys/yqpanel.txt:462
yq_checkorthoaxis,yq_checkorthoaxis,command,main,drawing_quality,Orthoaxis Check,bcz,missing_specialized,,"Orthoaxis Check — preserve the documented operation, not merely a manually reproducible drawing.","Missing dedicated short-object cleanup, grid correction and nonorthogonality detection/correction workflow. General audit/overkill is not sufficient evidence.",src/app/features.ts;src/commands/index.ts;src/commands/audit.ts:1;src/commands/modify.ts:1080,sys/shortcut_6.7.4c.yqs:445;sys/yqshortcut.txt:515;sys/yqpanel.txt:463
yq_revcloud,yq_revcloud,command,main,drawing_quality,Revcloud,yx,native_core,REVCLOUD,"Revcloud — preserve the documented operation, not merely a manually reproducible drawing.",Core outcome exists; YQArch-specific defaults and automation are not asserted equivalent.,src/commands/draw/construction.ts;src/commands/audit.ts:1;src/commands/modify.ts:1080,sys/shortcut_6.7.4c.yqs:447;sys/yqshortcut.txt:517;sys/yqpanel.txt:465
yq_commentframe,yq_commentframe,command,main,drawing_quality,Command Frame,stk,missing_specialized,,Create a rectangular review/comment frame with the source command conventions.,"RECTANG draws plain geometry; no comment-frame operation or associated review text is exposed. Source provides only a short label, so advanced annotation behavior is not inferred.",src/commands/draw/curves.ts:505;src/commands/index.ts:23,sys/shortcut_6.7.4c.yqs:448;sys/yqshortcut.txt:518
yq_blocktools,yq_blocktools,group_launcher,main,blocks_attributes,[Block Tools] Command List,bbb,navigation,HELP,"[Block Tools] Command List — preserve the documented operation, not merely a manually reproducible drawing.","Category launcher, not an independent geometric capability. FModel provides command search/navigation.",src/commands/utility.ts;src/commands/blocks.ts:1;src/model/kinds/insert.ts:247,sys/shortcut_6.7.4c.yqs:450;sys/yqshortcut.txt:522
yq_heaptrees,yq_heaptrees,command,main,blocks_attributes,Heap Trees,zw,missing_specialized,,"Heap Trees — preserve the documented operation, not merely a manually reproducible drawing.",Missing automated landscape/circuit/layout/developed-elevation and fabrication detail generators. Static blocks and generic edits are not equivalent.,src/app/features.ts;src/commands/index.ts;src/commands/blocks.ts:1;src/model/kinds/insert.ts:247,sys/shortcut_6.7.4c.yqs:451;sys/yqshortcut.txt:524;sys/yqpanel.txt:469
yq_landscape,yq_landscape,command,main,blocks_attributes,Landscape Analyzing,hj,missing_specialized,,"Landscape Analyzing — preserve the documented operation, not merely a manually reproducible drawing.",Missing automated landscape/circuit/layout/developed-elevation and fabrication detail generators. Static blocks and generic edits are not equivalent.,src/app/features.ts;src/commands/index.ts;src/commands/blocks.ts:1;src/model/kinds/insert.ts:247,sys/shortcut_6.7.4c.yqs:452;sys/yqshortcut.txt:525;sys/yqpanel.txt:470
yq_block2bylayer,yq_block2bylayer,command,main,blocks_attributes,Edit Block's Layer/Color,bb0,partial,SETBYLAYER;BEDIT,"Edit Block's Layer/Color — preserve the documented operation, not merely a manually reproducible drawing.",Native ByLayer and block editing exist; recursive batch semantics need comparison.,src/app/features.ts;src/commands/index.ts;src/commands/blocks.ts:1;src/model/kinds/insert.ts:247,sys/shortcut_6.7.4c.yqs:454;sys/yqshortcut.txt:527;sys/yqpanel.txt:472
yq_blockbasepoint,yq_blockbasepoint,command,main,blocks_attributes,Edit Block Base Pt,bbi,missing_specialized,,"Edit Block Base Pt — preserve the documented operation, not merely a manually reproducible drawing.","Missing dedicated batch/nested block conversion, preserved-placement base-point change, automatic grouping and attribute extraction/increment workflows. Native block editing alone is not the same behavior.",src/app/features.ts;src/commands/index.ts;src/commands/blocks.ts:1;src/model/kinds/insert.ts:247,sys/shortcut_6.7.4c.yqs:455;sys/yqshortcut.txt:528;sys/yqpanel.txt:473
yq_block2newname,yq_block2newname,command,main,blocks_attributes,Block Rename,bbr,native_core,RENAME,"Block Rename — preserve the documented operation, not merely a manually reproducible drawing.",Core outcome exists; YQArch-specific defaults and automation are not asserted equivalent.,src/commands/utility.ts;src/commands/blocks.ts:1;src/model/kinds/insert.ts:247,sys/shortcut_6.7.4c.yqs:456;sys/yqshortcut.txt:529;sys/yqpanel.txt:474
yq_block_batchrename,yq_block_batchrename,command,main,blocks_attributes,Blocks Batch Rename,bbg,missing_specialized,,"Blocks Batch Rename — preserve the documented operation, not merely a manually reproducible drawing.","Missing dedicated batch/nested block conversion, preserved-placement base-point change, automatic grouping and attribute extraction/increment workflows. Native block editing alone is not the same behavior.",src/app/features.ts;src/commands/index.ts;src/commands/blocks.ts:1;src/model/kinds/insert.ts:247,sys/shortcut_6.7.4c.yqs:457;sys/yqshortcut.txt:530;sys/yqpanel.txt:475
yq_quickdetailblock,yq_quickdetailblock,command,main,blocks_attributes,Create Detail Block,bbd,missing_specialized,,"Create Detail Block — preserve the documented operation, not merely a manually reproducible drawing.","Missing dedicated batch/nested block conversion, preserved-placement base-point change, automatic grouping and attribute extraction/increment workflows. Native block editing alone is not the same behavior.",src/app/features.ts;src/commands/index.ts;src/commands/blocks.ts:1;src/model/kinds/insert.ts:247,sys/shortcut_6.7.4c.yqs:458;sys/yqshortcut.txt:531;sys/yqpanel.txt:476
yq_blockscale,yq_blockscale,command,main,blocks_attributes,Set Block Scale,bbs,partial,PROPERTIES;SCALE,"Set Block Scale — preserve the documented operation, not merely a manually reproducible drawing.",Native insert scaling exists; drawing-frame/global-symbol conventions are separate.,src/app/features.ts;src/commands/index.ts;src/commands/blocks.ts:1;src/model/kinds/insert.ts:247,sys/shortcut_6.7.4c.yqs:459;sys/yqshortcut.txt:532;sys/yqpanel.txt:477
yq_block_writeout,yq_block_writeout,command,main,blocks_attributes,Write Out Blocks,bbw,partial,WBLOCK;LIBRARYEXPORT,"Write Out Blocks — preserve the documented operation, not merely a manually reproducible drawing.",Native block/library export exists; batch external DWG files are a host/format exception.,src/app/features.ts;src/commands/index.ts;src/commands/blocks.ts:1;src/model/kinds/insert.ts:247,sys/shortcut_6.7.4c.yqs:460;sys/yqshortcut.txt:533;sys/yqpanel.txt:478
yq_replacebydwg,yq_replacebydwg,command,main,blocks_attributes,Replace by DWG,bbtd,policy_exception,,"Replace by DWG — preserve the documented operation, not merely a manually reproducible drawing.",KML/Google Earth or DWG write/replace integration requires explicit scope/license decision. DWG writing is not committed and 3D is prohibited.,AGENTS.md;src/app/features.ts;src/commands/blocks.ts:1;src/model/kinds/insert.ts:247,sys/shortcut_6.7.4c.yqs:461;sys/yqshortcut.txt:534;sys/yqpanel.txt:479
yq_quicknewblock,yq_quicknewblock,command,main,blocks_attributes,Create Block Quickly,bbn,native_core,BLOCK,"Create Block Quickly — preserve the documented operation, not merely a manually reproducible drawing.",Core outcome exists; YQArch-specific defaults and automation are not asserted equivalent.,src/commands/blocks.ts;src/commands/blocks.ts:1;src/model/kinds/insert.ts:247,sys/shortcut_6.7.4c.yqs:463;sys/yqshortcut.txt:536;sys/yqpanel.txt:481
yq_block_add,yq_block_add,command,main,blocks_attributes,Append to a Block,bba,partial,BEDIT,"Append to a Block — preserve the documented operation, not merely a manually reproducible drawing.",The block editor provides editing/copying but one-shot nested editing workflows require comparison.,src/commands/blockEditor.ts;src/commands/blocks.ts:1;src/model/kinds/insert.ts:247,sys/shortcut_6.7.4c.yqs:464;sys/yqshortcut.txt:537;sys/yqpanel.txt:482
yq_block_remove,yq_block_remove,command,main,blocks_attributes,Erase Object of Block,bbe,partial,BEDIT,"Erase Object of Block — preserve the documented operation, not merely a manually reproducible drawing.",The block editor provides editing/copying but one-shot nested editing workflows require comparison.,src/commands/blockEditor.ts;src/commands/blocks.ts:1;src/model/kinds/insert.ts:247,sys/shortcut_6.7.4c.yqs:465;sys/yqshortcut.txt:538;sys/yqpanel.txt:483
yq_block_copy,yq_block_copy,command,main,blocks_attributes,Copy Objs in a Block,bbc,partial,BEDIT,"Copy Objs in a Block — preserve the documented operation, not merely a manually reproducible drawing.",The block editor provides editing/copying but one-shot nested editing workflows require comparison.,src/commands/blockEditor.ts;src/commands/blocks.ts:1;src/model/kinds/insert.ts:247,sys/shortcut_6.7.4c.yqs:466;sys/yqshortcut.txt:539;sys/yqpanel.txt:484
yq_blockwipeout,yq_blockwipeout,command,main,blocks_attributes,Add Wipeout to Block,bbzz,missing_specialized,,Automatically add/remove a masking boundary inside the selected block definition.,WIPEOUT and BEDIT are separate manual steps; there is no block-aware automatic mask generator/remover.,src/commands/draw/areas.ts:86;src/commands/blockEditor.ts:1,sys/shortcut_6.7.4c.yqs:468;sys/yqshortcut.txt:540;sys/yqpanel.txt:485
yq_create_minsert,yq_create_minsert,command,main,blocks_attributes,Create Minsert Block,bbjm,host_integration,,"Create Minsert Block — preserve the documented operation, not merely a manually reproducible drawing.",Tied to AutoCAD/Windows/Tianzheng/plugin installation or host-only object/filesystem conventions. Evaluate a native 2D outcome separately; no literal host integration parity.,AGENTS.md;src/commands/blocks.ts:1;src/model/kinds/insert.ts:247,sys/shortcut_6.7.4c.yqs:470;sys/yqshortcut.txt:542;sys/yqpanel.txt:487
yq_explode_minsert,yq_explode_minsert,command,main,blocks_attributes,Explode Minsert Blocks,bbx,host_integration,,"Explode Minsert Blocks — preserve the documented operation, not merely a manually reproducible drawing.",Tied to AutoCAD/Windows/Tianzheng/plugin installation or host-only object/filesystem conventions. Evaluate a native 2D outcome separately; no literal host integration parity.,AGENTS.md;src/commands/blocks.ts:1;src/model/kinds/insert.ts:247,sys/shortcut_6.7.4c.yqs:471;sys/yqshortcut.txt:543;sys/yqpanel.txt:488
yq_explode_nblock,yq_explode_nblock,command,main,blocks_attributes,Explode Nest Block,bbxx,partial,EXPLODE,Recursively explode nested block references in one operation.,EXPLODE processes one selected level; insertKind returns nested inserts rather than recursively flattening every descendant.,src/commands/modify.ts:819;src/model/kinds/insert.ts:146;src/model/kinds/insert.ts:247,sys/shortcut_6.7.4c.yqs:472;sys/yqshortcut.txt:544;sys/yqpanel.txt:489
yq_blocktext2att,yq_blocktext2att,command,main,blocks_attributes,Block Text to Attr,bbsx,missing_specialized,,"Block Text to Attr — preserve the documented operation, not merely a manually reproducible drawing.","Missing dedicated batch/nested block conversion, preserved-placement base-point change, automatic grouping and attribute extraction/increment workflows. Native block editing alone is not the same behavior.",src/app/features.ts;src/commands/index.ts;src/commands/blocks.ts:1;src/model/kinds/insert.ts:247,sys/shortcut_6.7.4c.yqs:474;sys/yqshortcut.txt:546;sys/yqpanel.txt:491
yq_modify_att,yq_modify_att,command,main,blocks_attributes,Edit Attributes,sxg,partial,ATTEDIT,"Edit Attributes — preserve the documented operation, not merely a manually reproducible drawing.",Attribute editing exists; YQArch bulk attribute operations need comparison.,src/commands/blocks.ts;src/commands/blocks.ts:1;src/model/kinds/insert.ts:247,sys/shortcut_6.7.4c.yqs:475;sys/yqshortcut.txt:547;sys/yqpanel.txt:492
yq_increase_att,yq_increase_att,command,main,blocks_attributes,Increase Attributes,sxz,missing_specialized,,"Increase Attributes — preserve the documented operation, not merely a manually reproducible drawing.","Missing dedicated batch/nested block conversion, preserved-placement base-point change, automatic grouping and attribute extraction/increment workflows. Native block editing alone is not the same behavior.",src/app/features.ts;src/commands/index.ts;src/commands/blocks.ts:1;src/model/kinds/insert.ts:247,sys/shortcut_6.7.4c.yqs:476;sys/yqshortcut.txt:548;sys/yqpanel.txt:493
yq_changeatts,yq_changeatts,command,main,blocks_attributes,Edit Attributes,sxc,partial,ATTEDIT,"Edit Attributes — preserve the documented operation, not merely a manually reproducible drawing.",Attribute editing exists; YQArch bulk attribute operations need comparison.,src/commands/blocks.ts;src/commands/blocks.ts:1;src/model/kinds/insert.ts:247,sys/shortcut_6.7.4c.yqs:477;sys/yqshortcut.txt:549;sys/yqpanel.txt:494
yq_blockatt2text,yq_blockatt2text,command,main,blocks_attributes,Edit Attr to Text,sxt,missing_specialized,,"Edit Attr to Text — preserve the documented operation, not merely a manually reproducible drawing.","Missing dedicated batch/nested block conversion, preserved-placement base-point change, automatic grouping and attribute extraction/increment workflows. Native block editing alone is not the same behavior.",src/app/features.ts;src/commands/index.ts;src/commands/blocks.ts:1;src/model/kinds/insert.ts:247,sys/shortcut_6.7.4c.yqs:478;sys/yqshortcut.txt:550;sys/yqpanel.txt:495
yq_erase_blkatt,yq_erase_blkatt,command,main,blocks_attributes,Erase Attr in Block,sxe,missing_specialized,,"Erase Attr in Block — preserve the documented operation, not merely a manually reproducible drawing.","Missing dedicated batch/nested block conversion, preserved-placement base-point change, automatic grouping and attribute extraction/increment workflows. Native block editing alone is not the same behavior.",src/app/features.ts;src/commands/index.ts;src/commands/blocks.ts:1;src/model/kinds/insert.ts:247,sys/shortcut_6.7.4c.yqs:479;sys/yqshortcut.txt:551;sys/yqpanel.txt:496
yq_blocks,yq_blocks,command,main,blocks_attributes,YQ Block Library,kk,partial,BLOCKSPALETTE;LIBRARYIMPORT;LIBRARYEXPORT,"YQ Block Library — preserve the documented operation, not merely a manually reproducible drawing.","Local block library exists; directory-driven DWG thumbnail management is host/file specific, not identical.",src/commands/utility.ts;src/commands/library.ts;src/commands/blocks.ts:1;src/model/kinds/insert.ts:247,sys/shortcut_6.7.4c.yqs:481;sys/yqshortcut.txt:553;sys/yqpanel.txt:498
yq_blockviewer,yq_blockviewer,command,main,blocks_attributes,User Block Library,bv,partial,BLOCKSPALETTE;LIBRARYIMPORT;LIBRARYEXPORT,"User Block Library — preserve the documented operation, not merely a manually reproducible drawing.","Local block library exists; directory-driven DWG thumbnail management is host/file specific, not identical.",src/commands/utility.ts;src/commands/library.ts;src/commands/blocks.ts:1;src/model/kinds/insert.ts:247,sys/shortcut_6.7.4c.yqs:482;sys/yqshortcut.txt:554;sys/yqpanel.txt:499
yq_blockviewer1,yq_blockviewer1,command,main,blocks_attributes,User Block Library1,bv1,partial,BLOCKSPALETTE;LIBRARYIMPORT;LIBRARYEXPORT,"User Block Library1 — preserve the documented operation, not merely a manually reproducible drawing.","Local block library exists; directory-driven DWG thumbnail management is host/file specific, not identical.",src/commands/utility.ts;src/commands/library.ts;src/commands/blocks.ts:1;src/model/kinds/insert.ts:247,sys/shortcut_6.7.4c.yqs:483;sys/yqshortcut.txt:555;sys/yqpanel.txt:500
yq_blockviewer2,yq_blockviewer2,command,main,blocks_attributes,User Block Library2,bv2,partial,BLOCKSPALETTE;LIBRARYIMPORT;LIBRARYEXPORT,"User Block Library2 — preserve the documented operation, not merely a manually reproducible drawing.","Local block library exists; directory-driven DWG thumbnail management is host/file specific, not identical.",src/commands/utility.ts;src/commands/library.ts;src/commands/blocks.ts:1;src/model/kinds/insert.ts:247,sys/shortcut_6.7.4c.yqs:484;sys/yqshortcut.txt:556;sys/yqpanel.txt:501
yq_blockviewer3,yq_blockviewer3,command,main,blocks_attributes,User Block Library3,bv3,partial,BLOCKSPALETTE;LIBRARYIMPORT;LIBRARYEXPORT,"User Block Library3 — preserve the documented operation, not merely a manually reproducible drawing.","Local block library exists; directory-driven DWG thumbnail management is host/file specific, not identical.",src/commands/utility.ts;src/commands/library.ts;src/commands/blocks.ts:1;src/model/kinds/insert.ts:247,sys/shortcut_6.7.4c.yqs:485;sys/yqshortcut.txt:557;sys/yqpanel.txt:502
yq_hatchingtools,yq_hatchingtools,group_launcher,main,hatch_linetype,[Hatching Tools] Command List,hhh,navigation,HELP,"[Hatching Tools] Command List — preserve the documented operation, not merely a manually reproducible drawing.","Category launcher, not an independent geometric capability. FModel provides command search/navigation.",src/commands/utility.ts;src/commands/draw/areas.ts:174;src/ui/panels/propertyDefs.ts:221,sys/shortcut_6.7.4c.yqs:487;sys/yqshortcut.txt:561
yq_hatchkeys,yq_hatchkeys,command,main,hatch_linetype,Hatching Shortcuts,hhsc,missing_specialized,,Configure value-specific shortcuts that apply a hatch/linetype/layer/color or wildcard-layer preset.,ALIASEDIT maps strings to command names only; it does not define parameterized value-action shortcuts. Tool palettes are useful entry points but not this mapping system.,src/commands/registry.ts:17;src/commands/registry.ts:25;src/commands/utility.ts:530,sys/shortcut_6.7.4c.yqs:488;sys/yqshortcut.txt:563;sys/yqpanel.txt:505
yq_hatchingscale,yq_hatchingscale,command,main,hatch_linetype,Hatching & Pattern Scale,xtc,partial,PROPERTIES,"Hatching & Pattern Scale — preserve the documented operation, not merely a manually reproducible drawing.",Hatch properties exist; point-picked origin and combined pattern-scale workflows need comparison.,src/commands/utility.ts;src/commands/draw/areas.ts:174;src/ui/panels/propertyDefs.ts:221,sys/shortcut_6.7.4c.yqs:489;sys/yqshortcut.txt:564;sys/yqpanel.txt:506
yq_hatch_quick,yq_hatch_quick,command,main,hatch_linetype,Quick Hatching,tc,native_core,HATCH,"Quick Hatching — preserve the documented operation, not merely a manually reproducible drawing.",Core outcome exists; YQArch-specific defaults and automation are not asserted equivalent.,src/commands/draw/areas.ts;src/commands/draw/areas.ts:174;src/ui/panels/propertyDefs.ts:221,sys/shortcut_6.7.4c.yqs:490;sys/yqshortcut.txt:565;sys/yqpanel.txt:507
yq_hatch_match,yq_hatch_match,command,main,hatch_linetype,Hatching by Template,tct,partial,HATCH;MATCHPROP,"Hatching by Template — preserve the documented operation, not merely a manually reproducible drawing.",Hatch creation/property matching exists; one-step template insertion requires review.,src/commands/draw/areas.ts;src/commands/modify.ts;src/commands/draw/areas.ts:174;src/ui/panels/propertyDefs.ts:221,sys/shortcut_6.7.4c.yqs:491;sys/yqshortcut.txt:566;sys/yqpanel.txt:508
yq_hatch_slide,yq_hatch_slide,command,main,hatch_linetype,Parameter/Slids Hatching,tcc,missing_specialized,,"Parameter/Slids Hatching — preserve the documented operation, not merely a manually reproducible drawing.",No native PAT/linetype authoring or matching specialized hatch manipulation workflow found.,src/app/features.ts;src/commands/index.ts;src/commands/draw/areas.ts:174;src/ui/panels/propertyDefs.ts:221,sys/shortcut_6.7.4c.yqs:492;sys/yqshortcut.txt:567;sys/yqpanel.txt:509
yq_hatch_newbase,yq_hatch_newbase,command,main,hatch_linetype,Hatching Base Point,hhi,partial,PROPERTIES,"Hatching Base Point — preserve the documented operation, not merely a manually reproducible drawing.",Hatch properties exist; point-picked origin and combined pattern-scale workflows need comparison.,src/commands/utility.ts;src/commands/draw/areas.ts:174;src/ui/panels/propertyDefs.ts:221,sys/shortcut_6.7.4c.yqs:494;sys/yqshortcut.txt:569;sys/yqpanel.txt:511
yq_hatch_angle,yq_hatch_angle,command,main,hatch_linetype,Hatching Angle,hha,partial,PROPERTIES,"Hatching Angle — preserve the documented operation, not merely a manually reproducible drawing.",Hatch properties exist; point-picked origin and combined pattern-scale workflows need comparison.,src/commands/utility.ts;src/commands/draw/areas.ts:174;src/ui/panels/propertyDefs.ts:221,sys/shortcut_6.7.4c.yqs:495;sys/yqshortcut.txt:570;sys/yqpanel.txt:512
yq_hatch_border,yq_hatch_border,command,main,hatch_linetype,Hatching Border,hhb,missing_specialized,,Select a hatch and reconstruct its boundary loops as geometry.,BOUNDARY explicitly skips hatches during point detection and cannot select hatch objects in pickBoundaries; no direct hatch-loop extraction command exists.,src/commands/draw/areas.ts:132;src/commands/draw/areas.ts:157;src/model/kinds/hatch.ts:87,sys/shortcut_6.7.4c.yqs:496;sys/yqshortcut.txt:571;sys/yqpanel.txt:513
yq_hatch_clipping,yq_hatch_clipping,command,main,hatch_linetype,Hatching Clipping,hhj,missing_specialized,,"Hatching Clipping — preserve the documented operation, not merely a manually reproducible drawing.",No native PAT/linetype authoring or matching specialized hatch manipulation workflow found.,src/app/features.ts;src/commands/index.ts;src/commands/draw/areas.ts:174;src/ui/panels/propertyDefs.ts:221,sys/shortcut_6.7.4c.yqs:497;sys/yqshortcut.txt:572;sys/yqpanel.txt:514
yq_hatch_split,yq_hatch_split,command,main,hatch_linetype,Split Hatching,hhx,missing_specialized,,"Split Hatching — preserve the documented operation, not merely a manually reproducible drawing.",No native PAT/linetype authoring or matching specialized hatch manipulation workflow found.,src/app/features.ts;src/commands/index.ts;src/commands/draw/areas.ts:174;src/ui/panels/propertyDefs.ts:221,sys/shortcut_6.7.4c.yqs:498;sys/yqshortcut.txt:573;sys/yqpanel.txt:515
yq_hatch_union,yq_hatch_union,command,main,hatch_linetype,Hatching Union,hhu,missing_specialized,,"Hatching Union — preserve the documented operation, not merely a manually reproducible drawing.",No native PAT/linetype authoring or matching specialized hatch manipulation workflow found.,src/app/features.ts;src/commands/index.ts;src/commands/draw/areas.ts:174;src/ui/panels/propertyDefs.ts:221,sys/shortcut_6.7.4c.yqs:499;sys/yqshortcut.txt:574;sys/yqpanel.txt:516
yq_hatch_disasso,yq_hatch_disasso,command,main,hatch_linetype,Hatching Disassociate,hhgl,missing_specialized,,Detach an existing hatch association while preserving its loops and appearance.,"Hatch associative data exists in the model, but no UI/command exposes disassociation. A grip move clears association as a side effect and is not equivalent.",src/ui/panels/propertyDefs.ts:221;src/model/kinds/hatch.ts:75,sys/shortcut_6.7.4c.yqs:500;sys/yqshortcut.txt:575;sys/yqpanel.txt:517
yq_mkpat,yq_mkpat,command,main,hatch_linetype,Create Hatch .PAT 1mm,mp,missing_specialized,,"Create Hatch .PAT 1mm — preserve the documented operation, not merely a manually reproducible drawing.",No native PAT/linetype authoring or matching specialized hatch manipulation workflow found.,src/app/features.ts;src/commands/index.ts;src/commands/draw/areas.ts:174;src/ui/panels/propertyDefs.ts:221,sys/shortcut_6.7.4c.yqs:502;sys/yqshortcut.txt:577;sys/yqpanel.txt:519
yq_mkpat1,yq_mkpat1,command,main,hatch_linetype,Create Hatch .PAT 1:1,mp1,missing_specialized,,"Create Hatch .PAT 1:1 — preserve the documented operation, not merely a manually reproducible drawing.",No native PAT/linetype authoring or matching specialized hatch manipulation workflow found.,src/app/features.ts;src/commands/index.ts;src/commands/draw/areas.ts:174;src/ui/panels/propertyDefs.ts:221,sys/shortcut_6.7.4c.yqs:503;sys/yqshortcut.txt:578;sys/yqpanel.txt:520
yq_mkpat_byhatch,yq_mkpat_byhatch,command,main,hatch_linetype,Create .PAT by Hatch,mpp,missing_specialized,,"Create .PAT by Hatch — preserve the documented operation, not merely a manually reproducible drawing.",No native PAT/linetype authoring or matching specialized hatch manipulation workflow found.,src/app/features.ts;src/commands/index.ts;src/commands/draw/areas.ts:174;src/ui/panels/propertyDefs.ts:221,sys/shortcut_6.7.4c.yqs:504;sys/yqshortcut.txt:579;sys/yqpanel.txt:521
yq_ltypekeys,yq_ltypekeys,command,main,hatch_linetype,LineType Shortcuts,ltsc,missing_specialized,,Configure value-specific shortcuts that apply a hatch/linetype/layer/color or wildcard-layer preset.,ALIASEDIT maps strings to command names only; it does not define parameterized value-action shortcuts. Tool palettes are useful entry points but not this mapping system.,src/commands/registry.ts:17;src/commands/registry.ts:25;src/commands/utility.ts:530,sys/shortcut_6.7.4c.yqs:506;sys/yqshortcut.txt:581;sys/yqpanel.txt:523
yq_ltscale,yq_ltscale,command,main,hatch_linetype,LineType & Scale,xt,partial,LTSCALE;PROPERTIES,"LineType & Scale — preserve the documented operation, not merely a manually reproducible drawing.",Linetype and scale editing exist; combined/batch semantics need comparison.,src/commands/utility.ts;src/commands/draw/areas.ts:174;src/ui/panels/propertyDefs.ts:221,sys/shortcut_6.7.4c.yqs:507;sys/yqshortcut.txt:583;sys/yqpanel.txt:524
yq_ltswitch,yq_ltswitch,command,main,hatch_linetype,Linetype Switch,xts,missing_specialized,,Switch linetypes through selected objects including nested block contents.,CHPROP edits selected objects only; BEDIT would require manual nested edits. No recursive linetype switch is exposed.,src/commands/utility.ts:426;src/commands/blockEditor.ts:1,sys/shortcut_6.7.4c.yqs:508;sys/yqshortcut.txt:584;sys/yqpanel.txt:525
yq_putltscale,yq_putltscale,command,main,hatch_linetype,Replace Linetype Scale,plts,partial,QSELECT;CHPROP,Replace linetype scale on all objects sharing a given linetype.,Property filtering and scale editing exist as separate commands; no same-linetype scope inference/update operation is present.,src/commands/utility.ts:263;src/commands/utility.ts:426;src/ui/panels/propertyDefs.ts:59,sys/shortcut_6.7.4c.yqs:509;sys/yqshortcut.txt:585;sys/yqpanel.txt:526
yq_mklinetype,yq_mklinetype,command,main,hatch_linetype,Create Linetype,mlt,missing_specialized,,"Create Linetype — preserve the documented operation, not merely a manually reproducible drawing.",No native PAT/linetype authoring or matching specialized hatch manipulation workflow found.,src/app/features.ts;src/commands/index.ts;src/commands/draw/areas.ts:174;src/ui/panels/propertyDefs.ts:221,sys/shortcut_6.7.4c.yqs:510;sys/yqshortcut.txt:586;sys/yqpanel.txt:527
yq_loadlinetype,yq_loadlinetype,command,main,hatch_linetype,Load linetypes,llt,missing_specialized,,Load a linetype definition from its external definition file.,LinetypeSelect lists definitions already in the document; DXF import is not a dedicated LIN-file loader.,src/ui/controls.tsx:190;src/commands/utility.ts:630,sys/shortcut_6.7.4c.yqs:511;sys/yqshortcut.txt:587;sys/yqpanel.txt:528
yq_layertools,yq_layertools,group_launcher,main,layers_standards,[Layer Tools] Command List,lll,navigation,HELP,"[Layer Tools] Command List — preserve the documented operation, not merely a manually reproducible drawing.","Category launcher, not an independent geometric capability. FModel provides command search/navigation.",src/commands/utility.ts;src/commands/utility.ts:150;src/ui/panels/LayersPanel.tsx:1,sys/shortcut_6.7.4c.yqs:513;sys/yqshortcut.txt:591
yq_layer_2current,yq_layer_2current,command,main,layers_standards,Edit to Current Layer,erc,partial,CHPROP,"Edit to Current Layer — preserve the documented operation, not merely a manually reproducible drawing.",Layer change exists; automatic current-layer command behavior differs.,src/commands/utility.ts;src/commands/utility.ts:150;src/ui/panels/LayersPanel.tsx:1,sys/shortcut_6.7.4c.yqs:514;sys/yqshortcut.txt:593;sys/yqpanel.txt:536
yq_layer_new,yq_layer_new,command,main,layers_standards,Create New Layer,ern,native_core,LAYER,"Create New Layer — preserve the documented operation, not merely a manually reproducible drawing.",Core outcome exists; YQArch-specific defaults and automation are not asserted equivalent.,src/commands/utility.ts;src/commands/utility.ts:150;src/ui/panels/LayersPanel.tsx:1,sys/shortcut_6.7.4c.yqs:515;sys/yqshortcut.txt:594;sys/yqpanel.txt:537
yq_layer_current,yq_layer_current,command,main,layers_standards,Choose current Layer,ers,native_core,LAYMCUR;LAYER,"Choose current Layer — preserve the documented operation, not merely a manually reproducible drawing.",Core outcome exists; YQArch-specific defaults and automation are not asserted equivalent.,src/commands/utility.ts;src/commands/utility.ts:150;src/ui/panels/LayersPanel.tsx:1,sys/shortcut_6.7.4c.yqs:516;sys/yqshortcut.txt:595;sys/yqpanel.txt:538
yq_layer_saverestore,yq_layer_saverestore,command,main,layers_standards,Save/Restore Layer Status,err,native_core,LAYERSTATE,"Save/Restore Layer Status — preserve the documented operation, not merely a manually reproducible drawing.",Core outcome exists; YQArch-specific defaults and automation are not asserted equivalent.,src/commands/utility.ts;src/commands/utility.ts:150;src/ui/panels/LayersPanel.tsx:1,sys/shortcut_6.7.4c.yqs:517;sys/yqshortcut.txt:596;sys/yqpanel.txt:539
yq_wlayer,yq_wlayer,command,main,layers_standards,Wildcard Layer's Manager,erq,partial,LAYER,Use wildcard-matched layer sets for managing their properties/state.,"The layer panel supports wildcard search and saved filters; most on/freeze/lock edits are row-specific, not wildcard-set mutation commands.",src/ui/panels/LayersPanel.tsx:26;src/ui/panels/LayersPanel.tsx:165;src/ui/panels/LayersPanel.tsx:255,sys/shortcut_6.7.4c.yqs:519;sys/yqshortcut.txt:598;sys/yqpanel.txt:541
yq_layer_iso,yq_layer_iso,command,main,layers_standards,Isolate Layers,erd,native_core,LAYISO,"Isolate Layers — preserve the documented operation, not merely a manually reproducible drawing.",Core outcome exists; YQArch-specific defaults and automation are not asserted equivalent.,src/commands/utility.ts;src/commands/utility.ts:150;src/ui/panels/LayersPanel.tsx:1,sys/shortcut_6.7.4c.yqs:521;sys/yqshortcut.txt:600;sys/yqpanel.txt:543
yq_layer_off,yq_layer_off,command,main,layers_standards,Turn Off Layers,erf,native_core,LAYER,"Turn Off Layers — preserve the documented operation, not merely a manually reproducible drawing.",Core outcome exists; YQArch-specific defaults and automation are not asserted equivalent.,src/commands/utility.ts;src/commands/utility.ts:150;src/ui/panels/LayersPanel.tsx:1,sys/shortcut_6.7.4c.yqs:522;sys/yqshortcut.txt:601;sys/yqpanel.txt:544
yq_layer_off_all,yq_layer_off_all,command,main,layers_standards,Turn Off All Layers,eraf,missing_specialized,,"Apply the documented all-layer operation: off except current, invert on/off, or thaw/unlock/show everything.","LAYON and LAYTHW cover narrower global operations; no all-off-except-current, state inversion, or combined thaw/unlock/show command exists.",src/commands/utility.ts:190;src/commands/utility.ts:612,sys/shortcut_6.7.4c.yqs:523;sys/yqshortcut.txt:602;sys/yqpanel.txt:545
yq_layer_on,yq_layer_on,command,main,layers_standards,Turn On Layers,era,native_core,LAYER,"Turn On Layers — preserve the documented operation, not merely a manually reproducible drawing.",Core outcome exists; YQArch-specific defaults and automation are not asserted equivalent.,src/commands/utility.ts;src/commands/utility.ts:150;src/ui/panels/LayersPanel.tsx:1,sys/shortcut_6.7.4c.yqs:524;sys/yqshortcut.txt:603;sys/yqpanel.txt:546
yq_layer_on_all,yq_layer_on_all,command,main,layers_standards,Turn On All Layers,eraa,native_core,LAYON,Turn every layer on.,Generated LAYON iterates all layer records and sets on=true in one transaction. It does not imply thawing/unlocking.,src/commands/utility.ts:190;src/commands/utility.ts:613,sys/shortcut_6.7.4c.yqs:525;sys/yqshortcut.txt:604;sys/yqpanel.txt:547
yq_layer_on2off,yq_layer_on2off,command,main,layers_standards,All Layers On/Off,erv,missing_specialized,,"Apply the documented all-layer operation: off except current, invert on/off, or thaw/unlock/show everything.","LAYON and LAYTHW cover narrower global operations; no all-off-except-current, state inversion, or combined thaw/unlock/show command exists.",src/commands/utility.ts:190;src/commands/utility.ts:612,sys/shortcut_6.7.4c.yqs:526;sys/yqshortcut.txt:605;sys/yqpanel.txt:548
yq_layer_lock,yq_layer_lock,command,main,layers_standards,Lock Layers,erl,native_core,LAYER,"Lock Layers — preserve the documented operation, not merely a manually reproducible drawing.",Core outcome exists; YQArch-specific defaults and automation are not asserted equivalent.,src/commands/utility.ts;src/commands/utility.ts:150;src/ui/panels/LayersPanel.tsx:1,sys/shortcut_6.7.4c.yqs:528;sys/yqshortcut.txt:607;sys/yqpanel.txt:550
yq_layer_iso_lock,yq_layer_iso_lock,command,main,layers_standards,Isolate & Lock Layers,erdl,native_core,LAYISO,Keep selected layers usable and lock the other layers.,LAYISO exposes Lock and delegates to isolateLayers with mode=lock.,src/commands/utility.ts:162;src/layers/layerOps.ts:1,sys/shortcut_6.7.4c.yqs:529;sys/yqshortcut.txt:608;sys/yqpanel.txt:551
yq_layer_unlock,yq_layer_unlock,command,main,layers_standards,Unlock Layers,eru,native_core,LAYER,"Unlock Layers — preserve the documented operation, not merely a manually reproducible drawing.",Core outcome exists; YQArch-specific defaults and automation are not asserted equivalent.,src/commands/utility.ts;src/commands/utility.ts:150;src/ui/panels/LayersPanel.tsx:1,sys/shortcut_6.7.4c.yqs:530;sys/yqshortcut.txt:609;sys/yqpanel.txt:552
yq_layer_freeze,yq_layer_freeze,command,main,layers_standards,Freeze Layers,erz,native_core,LAYER,"Freeze Layers — preserve the documented operation, not merely a manually reproducible drawing.",Core outcome exists; YQArch-specific defaults and automation are not asserted equivalent.,src/commands/utility.ts;src/commands/utility.ts:150;src/ui/panels/LayersPanel.tsx:1,sys/shortcut_6.7.4c.yqs:532;sys/yqshortcut.txt:611;sys/yqpanel.txt:554
yq_layer_iso_freeze,yq_layer_iso_freeze,command,main,layers_standards,Isolate & Freeze Layers,erdz,missing_specialized,,Freeze all nonselected layers while keeping the selected layers thawed.,LAYISO options are Off/Lock only; no freeze-complement operation is exposed.,src/commands/utility.ts:171,sys/shortcut_6.7.4c.yqs:533;sys/yqshortcut.txt:612;sys/yqpanel.txt:555
yq_layer_thaw,yq_layer_thaw,command,main,layers_standards,Thaw Out Layers,ert,native_core,LAYER,"Thaw Out Layers — preserve the documented operation, not merely a manually reproducible drawing.",Core outcome exists; YQArch-specific defaults and automation are not asserted equivalent.,src/commands/utility.ts;src/commands/utility.ts:150;src/ui/panels/LayersPanel.tsx:1,sys/shortcut_6.7.4c.yqs:534;sys/yqshortcut.txt:613;sys/yqpanel.txt:556
yq_layer_noff,yq_layer_noff,command,main,layers_standards,Turn Off Layer in Block,erbf,missing_specialized,,Pick nested block geometry and turn off/freeze its actual source layer.,pickLayers reads top-level selected entity.layer. No nested-entity layer pick is offered for these commands.,src/commands/utility.ts:152,sys/shortcut_6.7.4c.yqs:536;sys/yqshortcut.txt:615;sys/yqpanel.txt:558
yq_layer_nfreeze,yq_layer_nfreeze,command,main,layers_standards,Freeze Layer in Block,erbz,missing_specialized,,Pick nested block geometry and turn off/freeze its actual source layer.,pickLayers reads top-level selected entity.layer. No nested-entity layer pick is offered for these commands.,src/commands/utility.ts:152,sys/shortcut_6.7.4c.yqs:537;sys/yqshortcut.txt:616;sys/yqpanel.txt:559
yq_layer_showall,yq_layer_showall,command,main,layers_standards,Thaw/Unlock/Open All Layers,erer,missing_specialized,,"Apply the documented all-layer operation: off except current, invert on/off, or thaw/unlock/show everything.","LAYON and LAYTHW cover narrower global operations; no all-off-except-current, state inversion, or combined thaw/unlock/show command exists.",src/commands/utility.ts:190;src/commands/utility.ts:612,sys/shortcut_6.7.4c.yqs:538;sys/yqshortcut.txt:617;sys/yqpanel.txt:560
yq_layer_replace,yq_layer_replace,command,main,layers_standards,Batch Replace Layers,ertd,missing_specialized,,Batch remap multiple source layers to destination layers by a configured correspondence.,CHPROP assigns one layer and LAYMRG merges layers; neither executes a replacement mapping table.,src/commands/utility.ts:234;src/commands/utility.ts:426,sys/shortcut_6.7.4c.yqs:540;sys/yqshortcut.txt:619;sys/yqpanel.txt:562
yq_layer_batchrename,yq_layer_batchrename,command,main,layers_standards,Layers Batch Rename,erg,missing_specialized,,"Layers Batch Rename — preserve the documented operation, not merely a manually reproducible drawing.",Missing automatic layer derivation/batch rename and standalone layer-standard file interchange workflow. Layer management and states do not demonstrate these outcomes.,src/app/features.ts;src/commands/index.ts;src/commands/utility.ts:150;src/ui/panels/LayersPanel.tsx:1,sys/shortcut_6.7.4c.yqs:541;sys/yqshortcut.txt:620;sys/yqpanel.txt:563
yq_merge_layer,yq_merge_layer,command,main,layers_standards,Merge Layers,erm,native_core,LAYMRG,"Merge Layers — preserve the documented operation, not merely a manually reproducible drawing.",Core outcome exists; YQArch-specific defaults and automation are not asserted equivalent.,src/commands/utility.ts;src/commands/utility.ts:150;src/ui/panels/LayersPanel.tsx:1,sys/shortcut_6.7.4c.yqs:542;sys/yqshortcut.txt:621
yq_formlaybycolor,yq_formlaybycolor,command,main,layers_standards,Form Layers by Color,c2er,missing_specialized,,"Form Layers by Color — preserve the documented operation, not merely a manually reproducible drawing.",Missing automatic layer derivation/batch rename and standalone layer-standard file interchange workflow. Layer management and states do not demonstrate these outcomes.,src/app/features.ts;src/commands/index.ts;src/commands/utility.ts:150;src/ui/panels/LayersPanel.tsx:1,sys/shortcut_6.7.4c.yqs:543;sys/yqshortcut.txt:622;sys/yqpanel.txt:564
yq_layerkeys,yq_layerkeys,command,main,layers_standards,Layer Shortcuts,ersc,missing_specialized,,Configure value-specific shortcuts that apply a hatch/linetype/layer/color or wildcard-layer preset.,ALIASEDIT maps strings to command names only; it does not define parameterized value-action shortcuts. Tool palettes are useful entry points but not this mapping system.,src/commands/registry.ts:17;src/commands/registry.ts:25;src/commands/utility.ts:530,sys/shortcut_6.7.4c.yqs:544;sys/yqshortcut.txt:623;sys/yqpanel.txt:565
yq_wlayerkeys,yq_wlayerkeys,command,main,layers_standards,Wildcard Matching Layer,erw,missing_specialized,,Configure value-specific shortcuts that apply a hatch/linetype/layer/color or wildcard-layer preset.,ALIASEDIT maps strings to command names only; it does not define parameterized value-action shortcuts. Tool palettes are useful entry points but not this mapping system.,src/commands/registry.ts:17;src/commands/registry.ts:25;src/commands/utility.ts:530,sys/shortcut_6.7.4c.yqs:545;sys/yqshortcut.txt:624;sys/yqpanel.txt:566
yq_colorkeys,yq_colorkeys,command,main,layers_standards,Color Shortcuts,erk,missing_specialized,,Configure value-specific shortcuts that apply a hatch/linetype/layer/color or wildcard-layer preset.,ALIASEDIT maps strings to command names only; it does not define parameterized value-action shortcuts. Tool palettes are useful entry points but not this mapping system.,src/commands/registry.ts:17;src/commands/registry.ts:25;src/commands/utility.ts:530,sys/shortcut_6.7.4c.yqs:546;sys/yqshortcut.txt:625;sys/yqpanel.txt:567
yq_outputlayers,yq_outputlayers,command,main,layers_standards,Output Layers Text,ero,missing_specialized,,"Output Layers Text — preserve the documented operation, not merely a manually reproducible drawing.",Missing automatic layer derivation/batch rename and standalone layer-standard file interchange workflow. Layer management and states do not demonstrate these outcomes.,src/app/features.ts;src/commands/index.ts;src/commands/utility.ts:150;src/ui/panels/LayersPanel.tsx:1,sys/shortcut_6.7.4c.yqs:548;sys/yqshortcut.txt:627;sys/yqpanel.txt:569
yq_inputlayers,yq_inputlayers,command,main,layers_standards,Input Layers Text,eri,missing_specialized,,"Input Layers Text — preserve the documented operation, not merely a manually reproducible drawing.",Missing automatic layer derivation/batch rename and standalone layer-standard file interchange workflow. Layer management and states do not demonstrate these outcomes.,src/app/features.ts;src/commands/index.ts;src/commands/utility.ts:150;src/ui/panels/LayersPanel.tsx:1,sys/shortcut_6.7.4c.yqs:549;sys/yqshortcut.txt:628;sys/yqpanel.txt:570
yq_viewporttools,yq_viewporttools,group_launcher,main,viewports_sheets,[Viewport Tools] Command List,vvv,navigation,HELP,"[Viewport Tools] Command List — preserve the documented operation, not merely a manually reproducible drawing.","Category launcher, not an independent geometric capability. FModel provides command search/navigation.",src/commands/utility.ts;src/commands/layout.ts:115,sys/shortcut_6.7.4c.yqs:551;sys/yqshortcut.txt:632
yq_vplayer_manager,yq_vplayer_manager,command,main,viewports_sheets,Viewport Layer Manager,vvc,native_core,VPLAYER,"Viewport Layer Manager — preserve the documented operation, not merely a manually reproducible drawing.",Core outcome exists; YQArch-specific defaults and automation are not asserted equivalent.,src/commands/layout.ts;src/commands/layout.ts:115,sys/shortcut_6.7.4c.yqs:552;sys/yqshortcut.txt:634;sys/yqpanel.txt:573
yq_vplayer_freeze,yq_vplayer_freeze,command,main,viewports_sheets,Freeze Viewport Layers,vvz,native_core,VPLAYER,"Freeze Viewport Layers — preserve the documented operation, not merely a manually reproducible drawing.",Core outcome exists; YQArch-specific defaults and automation are not asserted equivalent.,src/commands/layout.ts;src/commands/layout.ts:115,sys/shortcut_6.7.4c.yqs:553;sys/yqshortcut.txt:635;sys/yqpanel.txt:574
yq_vplayer_nfreeze,yq_vplayer_nfreeze,command,main,viewports_sheets,Freeze VP Layer in Block,vvbz,partial,VPLAYER,Pick a nested/reference layer and freeze it only in chosen viewports.,"VPLAYER supports known layer names/wildcards and scope, but lacks nested/reference picking to discover the layer.",src/commands/layout.ts:297,sys/shortcut_6.7.4c.yqs:554;sys/yqshortcut.txt:636;sys/yqpanel.txt:575
yq_vplayer_thaw,yq_vplayer_thaw,command,main,viewports_sheets,Thaw Out VP Layers,vvt,native_core,VPLAYER,"Thaw Out VP Layers — preserve the documented operation, not merely a manually reproducible drawing.",Core outcome exists; YQArch-specific defaults and automation are not asserted equivalent.,src/commands/layout.ts;src/commands/layout.ts:115,sys/shortcut_6.7.4c.yqs:555;sys/yqshortcut.txt:637;sys/yqpanel.txt:576
yq_vplayer_iso,yq_vplayer_iso,command,main,viewports_sheets,Isolate Layers in Viewport,vvdz,missing_specialized,,Freeze the complement of chosen layers within one or other viewports.,"VPLAYER provides Freeze/Thaw/Reset on explicit matching names, not complement selection/isolation scope automation.",src/commands/layout.ts:307,sys/shortcut_6.7.4c.yqs:556;sys/yqshortcut.txt:638;sys/yqpanel.txt:577
yq_vplayer_isoall,yq_vplayer_isoall,command,main,viewports_sheets,Isolate Layers in Other VPs,vvzz,missing_specialized,,Freeze the complement of chosen layers within one or other viewports.,"VPLAYER provides Freeze/Thaw/Reset on explicit matching names, not complement selection/isolation scope automation.",src/commands/layout.ts:307,sys/shortcut_6.7.4c.yqs:557;sys/yqshortcut.txt:639;sys/yqpanel.txt:578
yq_vplayer_gray,yq_vplayer_gray,command,main,viewports_sheets,Grayed VP Layers,vvh,missing_specialized,,Apply viewport-only layer color overrides without changing the model/global layer.,"Rendering data supports overrides, but VPLAYER only resets them; the layer panel color picker edits global LayerRecord.color. No reachable viewport color setter was found.",src/commands/layout.ts:307;src/ui/panels/LayersPanel.tsx:297,sys/shortcut_6.7.4c.yqs:558;sys/yqshortcut.txt:640;sys/yqpanel.txt:579
yq_vplayer_recover,yq_vplayer_recover,command,main,viewports_sheets,Recover VP Layer Color,vvhf,native_core,VPLAYER,Reset viewport-specific layer property overrides.,"VPLAYER Reset removes selected layer overrides in selected/all viewports; it resets more than color, which is documented as the native behavior.",src/commands/layout.ts:307;src/commands/layout.ts:323,sys/shortcut_6.7.4c.yqs:559;sys/yqshortcut.txt:641;sys/yqpanel.txt:580
yq_viewport_new,yq_viewport_new,command,main,viewports_sheets,Create New Vport,vvn,native_core,MVIEW,"Create New Vport — preserve the documented operation, not merely a manually reproducible drawing.",Core outcome exists; YQArch-specific defaults and automation are not asserted equivalent.,src/commands/layout.ts;src/commands/layout.ts:115,sys/shortcut_6.7.4c.yqs:561;sys/yqshortcut.txt:643;sys/yqpanel.txt:582
yq_viewport_split,yq_viewport_split,command,main,viewports_sheets,Viewport Split,vv2,missing_specialized,,"Viewport Split — preserve the documented operation, not merely a manually reproducible drawing.","Missing automated frame-to-layout/sheet catalog, viewport splitting/synchronization/flattening and drawing assembly workflows.",src/app/features.ts;src/commands/index.ts;src/commands/layout.ts:115,sys/shortcut_6.7.4c.yqs:562;sys/yqshortcut.txt:644;sys/yqpanel.txt:583
yq_model2viewport,yq_model2viewport,command,main,viewports_sheets,New Vport from Model,mvv,missing_specialized,,Select a model-space extent and create a corresponding paper-space viewport.,MVIEW starts on an existing layout and fits model extents; it does not select a model region then create the mapped viewport.,src/commands/layout.ts:115;src/commands/layout.ts:74,sys/shortcut_6.7.4c.yqs:563;sys/yqshortcut.txt:645;sys/yqpanel.txt:584
yq_curve2viewport,yq_curve2viewport,command,main,viewports_sheets,Curves to Viewports,xxvv,native_core,MVIEW,"Curves to Viewports — preserve the documented operation, not merely a manually reproducible drawing.",Core outcome exists; YQArch-specific defaults and automation are not asserted equivalent.,src/commands/layout.ts;src/commands/layout.ts:115,sys/shortcut_6.7.4c.yqs:564;sys/yqshortcut.txt:646;sys/yqpanel.txt:585
yq_viewport_scale,yq_viewport_scale,command,main,viewports_sheets,Set Vport Scale,vvs,native_core,VPSCALE,"Set Vport Scale — preserve the documented operation, not merely a manually reproducible drawing.",Core outcome exists; YQArch-specific defaults and automation are not asserted equivalent.,src/commands/layout.ts;src/commands/layout.ts:115,sys/shortcut_6.7.4c.yqs:565;sys/yqshortcut.txt:647;sys/yqpanel.txt:586
yq_scalevps,yq_scalevps,command,main,viewports_sheets,Scale Viewports,vvsc,missing_specialized,,Scale viewport frame and view scale together while preserving the intended composition.,VPSCALE changes view scale only; properties change width/height separately. No coordinated operation exists.,src/commands/layout.ts:237;src/ui/panels/propertyDefs.ts:338,sys/shortcut_6.7.4c.yqs:566;sys/yqshortcut.txt:648;sys/yqpanel.txt:587
yq_viewport_sync,yq_viewport_sync,command,main,viewports_sheets,Vports Sync,vvdq,missing_specialized,,"Vports Sync — preserve the documented operation, not merely a manually reproducible drawing.","Missing automated frame-to-layout/sheet catalog, viewport splitting/synchronization/flattening and drawing assembly workflows.",src/app/features.ts;src/commands/index.ts;src/commands/layout.ts:115,sys/shortcut_6.7.4c.yqs:567;sys/yqshortcut.txt:649;sys/yqpanel.txt:588
yq_viewport_pan,yq_viewport_pan,command,main,viewports_sheets,Viewport pan,vvp,partial,MSPACE;PAN,"Viewport pan — preserve the documented operation, not merely a manually reproducible drawing.",Viewport navigation exists through model-space activation; direct one-step panning is not verified.,src/commands/layout.ts;src/commands/view.ts;src/commands/layout.ts:115,sys/shortcut_6.7.4c.yqs:568;sys/yqshortcut.txt:650;sys/yqpanel.txt:589
yq_viewport_lock,yq_viewport_lock,command,main,viewports_sheets,Lock Vport,vvl,native_core,VPLOCK,"Lock Vport — preserve the documented operation, not merely a manually reproducible drawing.",Core outcome exists; YQArch-specific defaults and automation are not asserted equivalent.,src/commands/layout.ts;src/commands/layout.ts:115,sys/shortcut_6.7.4c.yqs:570;sys/yqshortcut.txt:652;sys/yqpanel.txt:591
yq_viewport_lock_all,yq_viewport_lock_all,command,main,viewports_sheets,Lock All Vports,vval,partial,VPLOCK,Lock/unlock all relevant viewports automatically.,VPLOCK accepts a viewport selection. It has no all-viewports/all-layouts mode; active-viewport selection precedence is also explicit.,src/commands/layout.ts:105;src/commands/layout.ts:274,sys/shortcut_6.7.4c.yqs:571;sys/yqshortcut.txt:653;sys/yqpanel.txt:592
yq_viewport_unlock,yq_viewport_unlock,command,main,viewports_sheets,Unlock Vport,vvu,native_core,VPLOCK,"Unlock Vport — preserve the documented operation, not merely a manually reproducible drawing.",Core outcome exists; YQArch-specific defaults and automation are not asserted equivalent.,src/commands/layout.ts;src/commands/layout.ts:115,sys/shortcut_6.7.4c.yqs:572;sys/yqshortcut.txt:654;sys/yqpanel.txt:593
yq_viewport_unlock_all,yq_viewport_unlock_all,command,main,viewports_sheets,Unlock All Vports,vvau,partial,VPLOCK,Lock/unlock all relevant viewports automatically.,VPLOCK accepts a viewport selection. It has no all-viewports/all-layouts mode; active-viewport selection precedence is also explicit.,src/commands/layout.ts:105;src/commands/layout.ts:274,sys/shortcut_6.7.4c.yqs:573;sys/yqshortcut.txt:655;sys/yqpanel.txt:594
yq_viewport_iso,yq_viewport_iso,command,main,viewports_sheets,Isolate Viewports,vvd,missing_specialized,,Turn nonselected viewports off and preserve the selected viewports.,MVIEW has On/Off for selection but no inverse/isolation operation.,src/commands/layout.ts:125,sys/shortcut_6.7.4c.yqs:575;sys/yqshortcut.txt:657;sys/yqpanel.txt:596
yq_viewport_off,yq_viewport_off,command,main,viewports_sheets,Viewports Off,vvf,native_core,MVIEW,Turn chosen viewport displays off/on.,MVIEW On/Off accepts viewports and sets on in a transaction.,src/commands/layout.ts:125;src/commands/layout.ts:181,sys/shortcut_6.7.4c.yqs:576;sys/yqshortcut.txt:659;sys/yqpanel.txt:597
yq_viewport_off_all,yq_viewport_off_all,command,main,viewports_sheets,Set All Vports off,vvaf,partial,MVIEW,Turn all viewports off/on without manual enumeration.,Multi-viewport selection is supported; no automatic all-viewport scope exists.,src/commands/layout.ts:105;src/commands/layout.ts:181,sys/shortcut_6.7.4c.yqs:577;sys/yqshortcut.txt:660;sys/yqpanel.txt:598
yq_viewport_on,yq_viewport_on,command,main,viewports_sheets,Viewports On,vva,native_core,MVIEW,Turn chosen viewport displays off/on.,MVIEW On/Off accepts viewports and sets on in a transaction.,src/commands/layout.ts:125;src/commands/layout.ts:181,sys/shortcut_6.7.4c.yqs:578;sys/yqshortcut.txt:661;sys/yqpanel.txt:599
yq_viewport_on_all,yq_viewport_on_all,command,main,viewports_sheets,Set All Vports on,vvaa,partial,MVIEW,Turn all viewports off/on without manual enumeration.,Multi-viewport selection is supported; no automatic all-viewport scope exists.,src/commands/layout.ts:105;src/commands/layout.ts:181,sys/shortcut_6.7.4c.yqs:579;sys/yqshortcut.txt:662;sys/yqpanel.txt:600
yq_viewport2pspace,yq_viewport2pspace,command,main,viewports_sheets,Copy to Paper Space,vvbb,missing_specialized,,"Copy to Paper Space — preserve the documented operation, not merely a manually reproducible drawing.","Missing automated frame-to-layout/sheet catalog, viewport splitting/synchronization/flattening and drawing assembly workflows.",src/app/features.ts;src/commands/index.ts;src/commands/layout.ts:115,sys/shortcut_6.7.4c.yqs:581;sys/yqshortcut.txt:664;sys/yqpanel.txt:602
yq_layout_batchrename,yq_layout_batchrename,command,main,viewports_sheets,Layouts Batch Rename,tzg,missing_specialized,,Rename a selected set of layouts using a naming rule.,LAYOUT Rename handles one picked layout/new name; there is no batch naming-rule loop.,src/commands/layout.ts:343;src/commands/layout.ts:389,sys/shortcut_6.7.4c.yqs:583;sys/yqshortcut.txt:666;sys/yqpanel.txt:604
yq_frames2layouts,yq_frames2layouts,command,main,viewports_sheets,Frames to Layouts,tzf,missing_specialized,,"Frames to Layouts — preserve the documented operation, not merely a manually reproducible drawing.","Missing automated frame-to-layout/sheet catalog, viewport splitting/synchronization/flattening and drawing assembly workflows.",src/app/features.ts;src/commands/index.ts;src/commands/layout.ts:115,sys/shortcut_6.7.4c.yqs:584;sys/yqshortcut.txt:667;sys/yqpanel.txt:605
yq_framedivided,yq_framedivided,command,main,viewports_sheets,Frame Range Divideds,tzfg,missing_specialized,,"Frame Range Divideds — preserve the documented operation, not merely a manually reproducible drawing.","Missing automated frame-to-layout/sheet catalog, viewport splitting/synchronization/flattening and drawing assembly workflows.",src/app/features.ts;src/commands/index.ts;src/commands/layout.ts:115,sys/shortcut_6.7.4c.yqs:585;sys/yqshortcut.txt:668;sys/yqpanel.txt:606
yq_ucsdir,yq_ucsdir,command,main,viewports_sheets,Rotate VPort's Dir.,vvr,native_core,PROPERTIES,"Rotate the 2D viewport viewing direction, including a numeric angle.","Viewport View twist is editable in degrees and stored as viewTwist. This covers the 2D viewing outcome, not 3D UCS manipulation.",src/ui/panels/propertyDefs.ts:344,sys/shortcut_6.7.4c.yqs:587;sys/yqshortcut.txt:670;sys/yqpanel.txt:608
yq_snapshot,yq_snapshot,command,main,viewports_sheets,Snapshot of a View,kz,out_of_scope_3d,,"Snapshot of a View — preserve the documented operation, not merely a manually reproducible drawing.",Z/3D geometry or 3D projection behavior is outside FModel’s explicit 2D scope. 2D elevations and sections elsewhere remain in scope.,AGENTS.md;src/commands/layout.ts:115,sys/shortcut_6.7.4c.yqs:588;sys/yqshortcut.txt:671;sys/yqpanel.txt:609
yq_hyperlink,yq_hyperlink,command,main,viewports_sheets,Hyperlink Last View,clj,partial,VIEW,Manage saved views and drawing hyperlinks.,VIEW manages saved views; no drawing-entity hyperlink manager is exposed.,src/commands/view.ts:167,sys/shortcut_6.7.4c.yqs:589;sys/yqshortcut.txt:672;sys/yqpanel.txt:610
yq_matchbrush,yq_matchbrush,group_launcher,main,property_matching,[Matching Brush] Command List,sss,navigation,HELP,"[Matching Brush] Command List — preserve the documented operation, not merely a manually reproducible drawing.","Category launcher, not an independent geometric capability. FModel provides command search/navigation.",src/commands/utility.ts;src/commands/modify.ts:1025,sys/shortcut_6.7.4c.yqs:591;sys/yqshortcut.txt:676
yq_match_block,yq_match_block,command,main,property_matching,Match Block,ssb,missing_specialized,,"Match Block — preserve the documented operation, not merely a manually reproducible drawing.","MATCHPROP transfers common properties, text style/height, hatch, dimension style and polyline width; it does not implement block replacement, dynamic parameter transfer, viewport-state transfer or text/attribute-content brushing.",src/app/features.ts;src/commands/index.ts;src/commands/modify.ts:1025,sys/shortcut_6.7.4c.yqs:592;sys/yqshortcut.txt:678;sys/yqpanel.txt:613
yq_match_dynprops,yq_match_dynprops,command,main,property_matching,Match Dynamic Block,ssd,missing_specialized,,"Match Dynamic Block — preserve the documented operation, not merely a manually reproducible drawing.","MATCHPROP transfers common properties, text style/height, hatch, dimension style and polyline width; it does not implement block replacement, dynamic parameter transfer, viewport-state transfer or text/attribute-content brushing.",src/app/features.ts;src/commands/index.ts;src/commands/modify.ts:1025,sys/shortcut_6.7.4c.yqs:593;sys/yqshortcut.txt:680;sys/yqpanel.txt:614
yq_match_rotation,yq_match_rotation,command,main,property_matching,Match Rotation Angle,ssa,missing_specialized,,Pick a reference object and transfer its rotation to target objects.,MATCHPROP omits rotation. Numeric properties/ROTATE can reproduce values manually but do not provide a rotation brush.,src/commands/modify.ts:1025;src/commands/modify.ts:1040,sys/shortcut_6.7.4c.yqs:594;sys/yqshortcut.txt:681;sys/yqpanel.txt:615
yq_match_layer,yq_match_layer,command,main,property_matching,Match Layer,sser,partial,MATCHPROP,"Match Layer — preserve the documented operation, not merely a manually reproducible drawing.",Selective native property transfer exists. Command granularity and supported target types need comparison; block/content transfer is excluded.,src/commands/modify.ts;src/commands/modify.ts:1025,sys/shortcut_6.7.4c.yqs:596;sys/yqshortcut.txt:683;sys/yqpanel.txt:617
yq_match_color,yq_match_color,command,main,property_matching,Match Color,ssc,partial,MATCHPROP,"Match Color — preserve the documented operation, not merely a manually reproducible drawing.",Selective native property transfer exists. Command granularity and supported target types need comparison; block/content transfer is excluded.,src/commands/modify.ts;src/commands/modify.ts:1025,sys/shortcut_6.7.4c.yqs:597;sys/yqshortcut.txt:684;sys/yqpanel.txt:618
yq_match_layercolor,yq_match_layercolor,command,main,property_matching,Match Layer/Color,sscc,partial,MATCHPROP,"Match Layer/Color — preserve the documented operation, not merely a manually reproducible drawing.",Selective native property transfer exists. Command granularity and supported target types need comparison; block/content transfer is excluded.,src/commands/modify.ts;src/commands/modify.ts:1025,sys/shortcut_6.7.4c.yqs:598;sys/yqshortcut.txt:685;sys/yqpanel.txt:619
yq_match_vplayer,yq_match_vplayer,command,main,property_matching,Match Viewport Layers,ssvv,missing_specialized,,"Match Viewport Layers — preserve the documented operation, not merely a manually reproducible drawing.","MATCHPROP transfers common properties, text style/height, hatch, dimension style and polyline width; it does not implement block replacement, dynamic parameter transfer, viewport-state transfer or text/attribute-content brushing.",src/app/features.ts;src/commands/index.ts;src/commands/modify.ts:1025,sys/shortcut_6.7.4c.yqs:599;sys/yqshortcut.txt:686;sys/yqpanel.txt:620
yq_match_content,yq_match_content,command,main,property_matching,Match Text Content,sst,missing_specialized,,"Match Text Content — preserve the documented operation, not merely a manually reproducible drawing.","MATCHPROP transfers common properties, text style/height, hatch, dimension style and polyline width; it does not implement block replacement, dynamic parameter transfer, viewport-state transfer or text/attribute-content brushing.",src/app/features.ts;src/commands/index.ts;src/commands/modify.ts:1025,sys/shortcut_6.7.4c.yqs:601;sys/yqshortcut.txt:688;sys/yqpanel.txt:622
yq_match_texts,yq_match_texts,command,main,property_matching,Match Content of Texts,sstt,missing_specialized,,"Match Content of Texts — preserve the documented operation, not merely a manually reproducible drawing.","MATCHPROP transfers common properties, text style/height, hatch, dimension style and polyline width; it does not implement block replacement, dynamic parameter transfer, viewport-state transfer or text/attribute-content brushing.",src/app/features.ts;src/commands/index.ts;src/commands/modify.ts:1025,sys/shortcut_6.7.4c.yqs:602;sys/yqshortcut.txt:689
yq_match_style,yq_match_style,command,main,property_matching,Match Text Style,ssst,partial,MATCHPROP,"Match Text Style — preserve the documented operation, not merely a manually reproducible drawing.",Selective native property transfer exists. Command granularity and supported target types need comparison; block/content transfer is excluded.,src/commands/modify.ts;src/commands/modify.ts:1025,sys/shortcut_6.7.4c.yqs:603;sys/yqshortcut.txt:690;sys/yqpanel.txt:623
yq_match_textheight,yq_match_textheight,command,main,property_matching,Match Text Height,ssh,partial,MATCHPROP,"Match Text Height — preserve the documented operation, not merely a manually reproducible drawing.",Selective native property transfer exists. Command granularity and supported target types need comparison; block/content transfer is excluded.,src/commands/modify.ts;src/commands/modify.ts:1025,sys/shortcut_6.7.4c.yqs:604;sys/yqshortcut.txt:691;sys/yqpanel.txt:624
yq_match_tagtext,yq_match_tagtext,command,main,property_matching,Match Text by Tag,ssq,missing_specialized,,"Match Text by Tag — preserve the documented operation, not merely a manually reproducible drawing.","MATCHPROP transfers common properties, text style/height, hatch, dimension style and polyline width; it does not implement block replacement, dynamic parameter transfer, viewport-state transfer or text/attribute-content brushing.",src/app/features.ts;src/commands/index.ts;src/commands/modify.ts:1025,sys/shortcut_6.7.4c.yqs:605;sys/yqshortcut.txt:692;sys/yqpanel.txt:625
yq_match_width,yq_match_width,command,main,property_matching,Match Pline Width,ssw,partial,MATCHPROP,"Match Pline Width — preserve the documented operation, not merely a manually reproducible drawing.",Selective native property transfer exists. Command granularity and supported target types need comparison; block/content transfer is excluded.,src/commands/modify.ts;src/commands/modify.ts:1025,sys/shortcut_6.7.4c.yqs:607;sys/yqshortcut.txt:695;sys/yqpanel.txt:627
yq_match_linetype,yq_match_linetype,command,main,property_matching,Match Linetype,ssxt,partial,MATCHPROP,"Match Linetype — preserve the documented operation, not merely a manually reproducible drawing.",Selective native property transfer exists. Command granularity and supported target types need comparison; block/content transfer is excluded.,src/commands/modify.ts;src/commands/modify.ts:1025,sys/shortcut_6.7.4c.yqs:608;sys/yqshortcut.txt:694;sys/yqpanel.txt:628
yq_match_thickness,yq_match_thickness,command,main,property_matching,Match Thickness,ssth,out_of_scope_3d,,"Match Thickness — preserve the documented operation, not merely a manually reproducible drawing.",Z/3D geometry or 3D projection behavior is outside FModel’s explicit 2D scope. 2D elevations and sections elsewhere remain in scope.,AGENTS.md;src/commands/modify.ts:1025,sys/shortcut_6.7.4c.yqs:609;sys/yqshortcut.txt:696;sys/yqpanel.txt:629
yq_othertools,yq_othertools,group_launcher,main,system_workflow,[Other Tools] Command List,qqq,navigation,HELP,"[Other Tools] Command List — preserve the documented operation, not merely a manually reproducible drawing.","Category launcher, not an independent geometric capability. FModel provides command search/navigation.",src/commands/utility.ts,sys/shortcut_6.7.4c.yqs:611;sys/yqshortcut.txt:700
yq_batchplot,yq_batchplot,command,main,viewports_sheets,Plot in Batches,bpt,partial,PUBLISH;PLOT,"Plot in Batches — preserve the documented operation, not merely a manually reproducible drawing.",Native sheet/PDF publishing exists; frame discovery and batch plotting directly from model-space frames are missing specialized production automation.,src/app/features.ts;src/commands/index.ts;src/commands/layout.ts:115,sys/shortcut_6.7.4c.yqs:612;sys/yqshortcut.txt:702;sys/yqpanel.txt:632
yq_catalog,yq_catalog,command,main,viewports_sheets,Drawing Catalog,dwgl,missing_specialized,,"Drawing Catalog — preserve the documented operation, not merely a manually reproducible drawing.","Missing automated frame-to-layout/sheet catalog, viewport splitting/synchronization/flattening and drawing assembly workflows.",src/app/features.ts;src/commands/index.ts;src/commands/layout.ts:115,sys/shortcut_6.7.4c.yqs:614;sys/yqshortcut.txt:704;sys/yqpanel.txt:634
yq_outputdwgs,yq_outputdwgs,command,main,viewports_sheets,Output DWGs in Batches,dwgs,policy_exception,,"Output DWGs in Batches — preserve the documented operation, not merely a manually reproducible drawing.",KML/Google Earth or DWG write/replace integration requires explicit scope/license decision. DWG writing is not committed and 3D is prohibited.,AGENTS.md;src/app/features.ts;src/commands/layout.ts:115,sys/shortcut_6.7.4c.yqs:615;sys/yqshortcut.txt:705;sys/yqpanel.txt:635
yq_arrangedwgs,yq_arrangedwgs,command,main,viewports_sheets,Arrange Frames/DWGs,dwga,missing_specialized,,"Arrange Frames/DWGs — preserve the documented operation, not merely a manually reproducible drawing.","Missing automated frame-to-layout/sheet catalog, viewport splitting/synchronization/flattening and drawing assembly workflows.",src/app/features.ts;src/commands/index.ts;src/commands/layout.ts:115,sys/shortcut_6.7.4c.yqs:616;sys/yqshortcut.txt:706;sys/yqpanel.txt:636
yq_2bylayer,yq_2bylayer,command,main,property_matching,Reset Layer/Color,ee0,partial,SETBYLAYER;BEDIT,"Reset Layer/Color — preserve the documented operation, not merely a manually reproducible drawing.",Native ByLayer and block editing exist; recursive batch semantics need comparison.,src/app/features.ts;src/commands/index.ts;src/commands/modify.ts:1025,sys/shortcut_6.7.4c.yqs:618;sys/yqshortcut.txt:709;sys/yqpanel.txt:638
yq_hideselect,yq_hideselect,command,main,system_workflow,Hide Entities,eef,native_core,HIDEOBJECTS,"Hide Entities — preserve the documented operation, not merely a manually reproducible drawing.",Core outcome exists; YQArch-specific defaults and automation are not asserted equivalent.,src/commands/view.ts,sys/shortcut_6.7.4c.yqs:619;sys/yqshortcut.txt:710;sys/yqpanel.txt:639
yq_hideunselect,yq_hideunselect,command,main,system_workflow,Hide Unselected Ent.,eed,native_core,ISOLATEOBJECTS,"Hide Unselected Ent. — preserve the documented operation, not merely a manually reproducible drawing.",Core outcome exists; YQArch-specific defaults and automation are not asserted equivalent.,src/commands/view.ts,sys/shortcut_6.7.4c.yqs:620;sys/yqshortcut.txt:711;sys/yqpanel.txt:640
yq_displayhide,yq_displayhide,command,main,system_workflow,Display Temp. Hidden,eea,native_core,UNISOLATEOBJECTS,"Display Temp. Hidden — preserve the documented operation, not merely a manually reproducible drawing.",Core outcome exists; YQArch-specific defaults and automation are not asserted equivalent.,src/commands/view.ts,sys/shortcut_6.7.4c.yqs:621;sys/yqshortcut.txt:712;sys/yqpanel.txt:641
yq_displayall,yq_displayall,command,main,system_workflow,Display All Entities,eeaa,missing_specialized,,"Force every drawing entity visible, beyond temporary hide/isolate state.",UNISOLATEOBJECTS only clears editor.hidden; it does not reset entity.visible/layer or other persistent visibility flags.,src/commands/view.ts:342,sys/shortcut_6.7.4c.yqs:622;sys/yqshortcut.txt:713;sys/yqpanel.txt:642
yq_quickgroup,yq_quickgroup,command,main,blocks_attributes,Create Group,ggn,partial,GROUP,"Create Group — preserve the documented operation, not merely a manually reproducible drawing.",Group creation/editing exists; YQArch add/remove/separate interactions require comparison.,src/commands/modify.ts;src/commands/blocks.ts:1;src/model/kinds/insert.ts:247,sys/shortcut_6.7.4c.yqs:624;sys/yqshortcut.txt:715;sys/yqpanel.txt:644
yq_explodegroup,yq_explodegroup,command,main,blocks_attributes,Explodes a Group,ggx,native_core,UNGROUP,"Explodes a Group — preserve the documented operation, not merely a manually reproducible drawing.",Core outcome exists; YQArch-specific defaults and automation are not asserted equivalent.,src/commands/modify.ts;src/commands/blocks.ts:1;src/model/kinds/insert.ts:247,sys/shortcut_6.7.4c.yqs:625;sys/yqshortcut.txt:716;sys/yqpanel.txt:645
yq_group_add,yq_group_add,command,main,blocks_attributes,Append to a Group,gga,partial,GROUP,"Append to a Group — preserve the documented operation, not merely a manually reproducible drawing.",Group creation/editing exists; YQArch add/remove/separate interactions require comparison.,src/commands/modify.ts;src/commands/blocks.ts:1;src/model/kinds/insert.ts:247,sys/shortcut_6.7.4c.yqs:626;sys/yqshortcut.txt:717;sys/yqpanel.txt:646
yq_group_remove,yq_group_remove,command,main,blocks_attributes,Erase from a Group,gge,partial,GROUP,"Erase from a Group — preserve the documented operation, not merely a manually reproducible drawing.",Group creation/editing exists; YQArch add/remove/separate interactions require comparison.,src/commands/modify.ts;src/commands/blocks.ts:1;src/model/kinds/insert.ts:247,sys/shortcut_6.7.4c.yqs:627;sys/yqshortcut.txt:718;sys/yqpanel.txt:647
yq_group_separate,yq_group_separate,command,main,blocks_attributes,Separate from a Group,ggs,partial,GROUP;UNGROUP;PURGE,"Separate from a Group — preserve the documented operation, not merely a manually reproducible drawing.",Native group editing and purge exist; the exact group-specific scope requires review.,src/app/features.ts;src/commands/index.ts;src/commands/blocks.ts:1;src/model/kinds/insert.ts:247,sys/shortcut_6.7.4c.yqs:628;sys/yqshortcut.txt:719;sys/yqpanel.txt:648
yq_purgegroup,yq_purgegroup,command,main,blocks_attributes,Purge Groups,ggp,partial,GROUP;UNGROUP;PURGE,"Purge Groups — preserve the documented operation, not merely a manually reproducible drawing.",Native group editing and purge exist; the exact group-specific scope requires review.,src/app/features.ts;src/commands/index.ts;src/commands/blocks.ts:1;src/model/kinds/insert.ts:247,sys/shortcut_6.7.4c.yqs:629;sys/yqshortcut.txt:720;sys/yqpanel.txt:649
yq_switch_dynamic,yq_switch_dynamic,command,main,system_workflow,Switch YQArch Dynamic,dtyq,partial,DYNTOGGLE,"Switch YQArch Dynamic — preserve the documented operation, not merely a manually reproducible drawing.",Native dynamic input toggle exists; per-YQArch-command mode is host-specific.,src/commands/view.ts,sys/shortcut_6.7.4c.yqs:631;sys/yqshortcut.txt:722;sys/yqpanel.txt:651
yq_drawclipboard,yq_drawclipboard,command,main,statistics_data,Create from Excel Clipboard,ztb,portable_2d_gap_host_binding,TABLE;DATAEXTRACTION,"Create from Excel Clipboard — preserve the documented operation, not merely a manually reproducible drawing.",Excel/COM transport is host-specific; portable native table/clipboard/CSV import/export and takeoff outcome remain a separate gap. DATAEXTRACTION alone is not cell-by-cell or coordinate import parity.,src/commands/output.ts;src/app/features.ts;src/commands/utility.ts:46;src/commands/blocks.ts:158;src/blocks/blockOps.ts:180,sys/shortcut_6.7.4c.yqs:632;sys/yqshortcut.txt:724;sys/yqpanel.txt:652
yq_acad2kml,yq_acad2kml,command,main,viewports_sheets,Output to Google Earth,a2k,policy_exception,,"Output to Google Earth — preserve the documented operation, not merely a manually reproducible drawing.",KML/Google Earth or DWG write/replace integration requires explicit scope/license decision. DWG writing is not committed and 3D is prohibited.,AGENTS.md;src/app/features.ts;src/commands/layout.ts:115,sys/shortcut_6.7.4c.yqs:633;sys/yqshortcut.txt:725;sys/yqpanel.txt:653
yq_commandfinder,yq_commandfinder,command,main,system_workflow,YQarch Command Finder,zml,native_core,HELP,"YQarch Command Finder — preserve the documented operation, not merely a manually reproducible drawing.",Core outcome exists; YQArch-specific defaults and automation are not asserted equivalent.,src/commands/utility.ts,sys/shortcut_6.7.4c.yqs:635;sys/yqshortcut.txt:727;sys/yqpanel.txt:655
yq_lastyqcmd,yq_lastyqcmd,command,main,system_workflow,Last YQarch Command,qq,partial,,Repeat the last YQArch-specific command even after unrelated host commands.,"CommandRunner repeats the last native command via Enter; it does not maintain a separate architectural-command history. For fully native workflows ordinary repeat is sufficient, but exact subset semantics differ.",src/commands/runner.ts:46;src/commands/runner.ts:184;src/commands/runner.ts:379,sys/shortcut_6.7.4c.yqs:636;sys/yqshortcut.txt:728;sys/yqpanel.txt:656
yq_pgp2lsp,yq_pgp2lsp,command,supplementary,system_workflow,Convert ACAD.PGP to lsp,,host_integration,,"Convert ACAD.PGP to lsp — preserve the documented operation, not merely a manually reproducible drawing.",Tied to AutoCAD/Windows/Tianzheng/plugin installation or host-only object/filesystem conventions. Evaluate a native 2D outcome separately; no literal host integration parity.,AGENTS.md,sys/yqshortcut.txt:754;sys/yqpanel.txt:679
yq_date,yq_date,command,supplementary,text_productivity,Date String,day,native_core,FIELD,Insert a live date/time string.,FIELD Date inserts date text; the field engine also resolves time in text content.,src/commands/annotate.ts:541;src/model/fields.ts:77,sys/yqshortcut.txt:762;sys/yqpanel.txt:687;sys/user1/userpanel.txt:17;sys/user2/userpanel.txt:17;sys/userCCD/userpanel.txt:17;sys/userHBA/userpanel.txt:17
yq_opentime,yq_opentime,command,supplementary,system_workflow,DWG Opening Time,,host_integration,,"DWG Opening Time — preserve the documented operation, not merely a manually reproducible drawing.",Tied to AutoCAD/Windows/Tianzheng/plugin installation or host-only object/filesystem conventions. Evaluate a native 2D outcome separately; no literal host integration parity.,AGENTS.md,sys/yqshortcut.txt:763;sys/yqpanel.txt:688
yq_excel2table,yq_excel2table,command,supplementary,statistics_data,Excel Import,e2t,portable_2d_gap_host_binding,TABLE;DATAEXTRACTION,"Excel Import — preserve the documented operation, not merely a manually reproducible drawing.",Excel/COM transport is host-specific; portable native table/clipboard/CSV import/export and takeoff outcome remain a separate gap. DATAEXTRACTION alone is not cell-by-cell or coordinate import parity.,src/commands/output.ts;src/app/features.ts;src/commands/utility.ts:46;src/commands/blocks.ts:158;src/blocks/blockOps.ts:180,sys/yqshortcut.txt:765;sys/yqpanel.txt:690;sys/user1/userpanel.txt:18;sys/user2/userpanel.txt:18;sys/userCCD/userpanel.txt:18;sys/userHBA/userpanel.txt:18
yq_rg,yq_rg,command,supplementary,system_workflow,Part Regen,,partial,REGEN,"Part Regen — preserve the documented operation, not merely a manually reproducible drawing.",Regeneration exists; region-limited redraw is not necessary for the same native rendering architecture.,src/commands/view.ts,sys/yqshortcut.txt:768;sys/yqpanel.txt:693
yq_zd,yq_zd,command,supplementary,system_workflow,Zoom Down,,native_core,ZOOM,"Zoom Down — preserve the documented operation, not merely a manually reproducible drawing.",Core outcome exists; YQArch-specific defaults and automation are not asserted equivalent.,src/commands/view.ts,sys/yqshortcut.txt:769;sys/yqpanel.txt:694
yq_ze,yq_ze,command,supplementary,system_workflow,Zoom Extend,,native_core,ZOOM,"Zoom Extend — preserve the documented operation, not merely a manually reproducible drawing.",Core outcome exists; YQArch-specific defaults and automation are not asserted equivalent.,src/commands/view.ts,sys/yqshortcut.txt:770;sys/yqpanel.txt:695
yq_zz,yq_zz,command,supplementary,system_workflow,Zoom Previous,,native_core,ZOOM,"Zoom Previous — preserve the documented operation, not merely a manually reproducible drawing.",Core outcome exists; YQArch-specific defaults and automation are not asserted equivalent.,src/commands/view.ts,sys/yqshortcut.txt:771;sys/yqpanel.txt:696
yq_oos,yq_oos,command,supplementary,system_workflow,Save/Restore OSmode,oos,host_integration,,"Save/Restore OSmode — preserve the documented operation, not merely a manually reproducible drawing.",Tied to AutoCAD/Windows/Tianzheng/plugin installation or host-only object/filesystem conventions. Evaluate a native 2D outcome separately; no literal host integration parity.,AGENTS.md,sys/yqshortcut.txt:773
yq_ccb,yq_ccb,command,supplementary,geometry_productivity,Cutclip on Base,,partial,CUTCLIP;COPYBASE,Cut to clipboard while choosing the insertion base point.,CUTCLIP calls clip without a base; COPYBASE chooses a base but does not cut. Combining copy and erase is manual and not atomic equivalence.,src/commands/modify.ts:1204;src/commands/modify.ts:1247;src/commands/modify.ts:1250,sys/yqshortcut.txt:776;sys/yqpanel.txt:701
yq_mi,yq_mi,command,supplementary,geometry_productivity,Mirror,,native_core,MIRROR,"Mirror — preserve the documented operation, not merely a manually reproducible drawing.",Core outcome exists; YQArch-specific defaults and automation are not asserted equivalent.,src/commands/modify.ts;src/commands/modify.ts:94,sys/yqshortcut.txt:777;sys/yqpanel.txt:702
yq_cxx,yq_cxx,command,supplementary,geometry_productivity,Copy no Dragging,,partial,COPY;MOVE,Copy/move with the documented no-drag interaction.,Core transformations exist but always attach geometry previews; there is no explicit no-drag interaction mode.,src/commands/modify.ts:94;src/commands/modify.ts:135,sys/yqshortcut.txt:778;sys/yqpanel.txt:703
yq_vxx,yq_vxx,command,supplementary,geometry_productivity,Move no Dragging,,partial,COPY;MOVE,Copy/move with the documented no-drag interaction.,Core transformations exist but always attach geometry previews; there is no explicit no-drag interaction mode.,src/commands/modify.ts:94;src/commands/modify.ts:135,sys/yqshortcut.txt:779;sys/yqpanel.txt:704
yq_czz,yq_czz,command,supplementary,geometry_productivity,Copy to Center,,missing_specialized,,Copy or move entities to the center of a detected table cell.,MOVE/COPY require user-supplied destination; no cell recognition/center placement flow exists.,src/commands/modify.ts:120;src/commands/draw/annotation.ts:1,sys/yqshortcut.txt:780;sys/yqpanel.txt:705
yq_vzz,yq_vzz,command,supplementary,geometry_productivity,Move to Center,,missing_specialized,,Copy or move entities to the center of a detected table cell.,MOVE/COPY require user-supplied destination; no cell recognition/center placement flow exists.,src/commands/modify.ts:120;src/commands/draw/annotation.ts:1,sys/yqshortcut.txt:781;sys/yqpanel.txt:706
yq_cm,yq_cm,command,supplementary,geometry_productivity,Copy & Array,cn,native_core,COPY,Create a specified count of equally spaced copies.,COPY Array requests item count and spacing and creates all aligned copies.,src/commands/modify.ts:158,sys/yqshortcut.txt:782;sys/yqpanel.txt:707;sys/user1/userpanel.txt:21;sys/user2/userpanel.txt:21;sys/userCCD/userpanel.txt:21;sys/userHBA/userpanel.txt:21
yq_copydivide,yq_copydivide,command,supplementary,geometry_productivity,Copy & Divide Insided,cdf,partial,ARRAYPATH,Place equal-count copies inside a span without including unwanted endpoints.,ARRAYPATH Divide distributes along an existing path; direct two-point inner-division endpoint semantics are absent.,src/commands/modify.ts:670,sys/yqshortcut.txt:783;sys/yqpanel.txt:708;sys/user1/userpanel.txt:22;sys/user2/userpanel.txt:22;sys/userCCD/userpanel.txt:22;sys/userHBA/userpanel.txt:22
yq_seloffset,yq_seloffset,command,supplementary,geometry_productivity,Select and Offset,,missing_specialized,,Read an existing selected numeric value and use it as offset distance.,OFFSET asks for a distance; it does not pick text/dimension content as that value source.,src/commands/modify.ts:277,sys/yqshortcut.txt:785;sys/yqpanel.txt:710
yq_rz,yq_rz,command,supplementary,geometry_productivity,Rotate to 0,,partial,PROPERTIES,Set rotation to zero for selected orientation-bearing objects.,Text/MTEXT/inserts expose absolute rotation; generic line/polyline orientation normalization is not present.,src/ui/panels/propertyDefs.ts:185;src/ui/panels/propertyDefs.ts:207;src/ui/panels/propertyDefs.ts:296,sys/yqshortcut.txt:787;sys/yqpanel.txt:712
yq_copyandrotate,yq_copyandrotate,command,supplementary,geometry_productivity,Copy and Rotate,xzc,missing_specialized,,"Copy and Rotate — preserve the documented operation, not merely a manually reproducible drawing.","Missing dedicated per-object-center transforms, nonuniform general-entity scaling, remembered transforms or combined/distributed transform workflow; generic MOVE/COPY/SCALE are not equivalence.",src/app/features.ts;src/commands/index.ts;src/commands/modify.ts:94,sys/yqshortcut.txt:788;sys/yqpanel.txt:713;sys/user1/userpanel.txt:24;sys/user2/userpanel.txt:24;sys/userCCD/userpanel.txt:24;sys/userHBA/userpanel.txt:24
yq_xcopy,yq_xcopy,command,supplementary,geometry_productivity,Copy and Mirror,yc,missing_specialized,,"Copy and Mirror — preserve the documented operation, not merely a manually reproducible drawing.","Missing dedicated per-object-center transforms, nonuniform general-entity scaling, remembered transforms or combined/distributed transform workflow; generic MOVE/COPY/SCALE are not equivalence.",src/app/features.ts;src/commands/index.ts;src/commands/modify.ts:94,sys/yqshortcut.txt:789;sys/yqpanel.txt:714;sys/user1/userpanel.txt:25;sys/user2/userpanel.txt:25;sys/userCCD/userpanel.txt:25;sys/userHBA/userpanel.txt:25
yq_angledivide,yq_angledivide,command,supplementary,geometry_productivity,Divide Angle,dfa,missing_specialized,,Divide a picked angle into N angular sectors/construction directions.,XLINE supports one bisector; ARRAYPOLAR copies objects and does not derive a selected angular interval automatically.,src/commands/draw/construction.ts:73;src/commands/modify.ts:649,sys/yqshortcut.txt:790;sys/yqpanel.txt:715;sys/user1/userpanel.txt:26;sys/user2/userpanel.txt:26;sys/userCCD/userpanel.txt:26;sys/userHBA/userpanel.txt:26
yq_dynamictrim,yq_dynamictrim,command,supplementary,geometry_productivity,Dynamic Trim,tv,partial,TRIM;EXTEND,Interactively trim/extend geometry with the source dynamic target-preview behavior.,"Native quick/standard boundary and fence editing exists; the source label alone does not establish matching hover-preview mechanics. Core outcome exists, exact dynamic gesture parity is not claimed.",src/commands/modify.ts:370;src/commands/modify.ts:438,sys/yqshortcut.txt:792;sys/yqpanel.txt:717;sys/user1/userpanel.txt:28;sys/user2/userpanel.txt:28;sys/userCCD/userpanel.txt:28;sys/userHBA/userpanel.txt:28
yq_dynamicextend,yq_dynamicextend,command,supplementary,geometry_productivity,Dynamic Extend,exv,partial,TRIM;EXTEND,Interactively trim/extend geometry with the source dynamic target-preview behavior.,"Native quick/standard boundary and fence editing exists; the source label alone does not establish matching hover-preview mechanics. Core outcome exists, exact dynamic gesture parity is not claimed.",src/commands/modify.ts:370;src/commands/modify.ts:438,sys/yqshortcut.txt:793;sys/yqpanel.txt:718;sys/user1/userpanel.txt:29;sys/user2/userpanel.txt:29;sys/userCCD/userpanel.txt:29;sys/userHBA/userpanel.txt:29
yq_trimthrums,yq_trimthrums,command,supplementary,geometry_productivity,Trim Thrums,,missing_specialized,,"Trim Thrums — preserve the documented operation, not merely a manually reproducible drawing.","Missing tolerance-aware fuzzy contour, batch cut/trim/intersection and region-dependent line-style workflow. BOUNDARY/TRIM/BREAK do not establish this behavior.",src/app/features.ts;src/commands/index.ts;src/commands/modify.ts:94,sys/yqshortcut.txt:794;sys/yqpanel.txt:719
yq_trimtable,yq_trimtable,command,supplementary,geometry_productivity,Trim Table Lines,,missing_specialized,,"Trim Table Lines — preserve the documented operation, not merely a manually reproducible drawing.","Missing tolerance-aware fuzzy contour, batch cut/trim/intersection and region-dependent line-style workflow. BOUNDARY/TRIM/BREAK do not establish this behavior.",src/app/features.ts;src/commands/index.ts;src/commands/modify.ts:94,sys/yqshortcut.txt:795;sys/yqpanel.txt:720
yq_len,yq_len,command,supplementary,geometry_productivity,Lengthen Object,lenx,native_core,LENGTHEN,"Lengthen Object — preserve the documented operation, not merely a manually reproducible drawing.",Core outcome exists; YQArch-specific defaults and automation are not asserted equivalent.,src/commands/modify.ts;src/commands/modify.ts:94,sys/yqshortcut.txt:796;sys/yqpanel.txt:721;sys/user1/userpanel.txt:30;sys/user2/userpanel.txt:30;sys/userCCD/userpanel.txt:30;sys/userHBA/userpanel.txt:30
yq_hhs,yq_hhs,command,supplementary,hatch_linetype,Hatch Strecth,hhs,native_core,STRETCH,Stretch selected portions of hatch boundary loops.,"STRETCH uses crossing-window/polygon vertex selection and stretchEntity edits hatch loops, so hatch-specific geometry stretching already exists.",src/commands/modify.ts:554;src/model/stretch.ts:80,sys/yqshortcut.txt:802;sys/yqpanel.txt:727;sys/user1/userpanel.txt:32;sys/user2/userpanel.txt:32;sys/userCCD/userpanel.txt:32;sys/userHBA/userpanel.txt:32
yq_fxx,yq_fxx,command,supplementary,geometry_productivity,Fillet Plines,,partial,FILLET;CHAMFER,Apply corner treatment to multiple selected polylines in a batch.,Polyline option edits all corners of one selected lwpolyline; no selection-set batch loop exists.,src/commands/modify.ts:457;src/commands/modify.ts:503,sys/yqshortcut.txt:805;sys/yqpanel.txt:730
yq_cfxx,yq_cfxx,command,supplementary,geometry_productivity,Chamfer Plines,,partial,FILLET;CHAMFER,Apply corner treatment to multiple selected polylines in a batch.,Polyline option edits all corners of one selected lwpolyline; no selection-set batch loop exists.,src/commands/modify.ts:457;src/commands/modify.ts:503,sys/yqshortcut.txt:806;sys/yqpanel.txt:731
yq_batchfillet,yq_batchfillet,command,supplementary,geometry_productivity,Fillet Lines,,partial,FILLET;CHAMFER,Identify/apply corner treatments to a batch of selected line pairs.,Multiple mode repeats interactive pair picking. It is not automatic pair detection/batch processing.,src/commands/modify.ts:457;src/commands/modify.ts:516,sys/yqshortcut.txt:807;sys/yqpanel.txt:732
yq_batchchamfer,yq_batchchamfer,command,supplementary,geometry_productivity,Chamfer Lines,,partial,FILLET;CHAMFER,Identify/apply corner treatments to a batch of selected line pairs.,Multiple mode repeats interactive pair picking. It is not automatic pair detection/batch processing.,src/commands/modify.ts:457;src/commands/modify.ts:516,sys/yqshortcut.txt:808;sys/yqpanel.txt:733
yq_fuzzyinside,yq_fuzzyinside,command,supplementary,curve_processing,Fuzzy Inside Borderline,,missing_specialized,,"Fuzzy Inside Borderline — preserve the documented operation, not merely a manually reproducible drawing.","Missing tolerance-aware fuzzy contour, batch cut/trim/intersection and region-dependent line-style workflow. BOUNDARY/TRIM/BREAK do not establish this behavior.",src/app/features.ts;src/commands/index.ts;src/commands/modify.ts:859;src/commands/draw/curves.ts:1,sys/yqshortcut.txt:810;sys/yqpanel.txt:735
yq_fuzzyoutline,yq_fuzzyoutline,command,supplementary,curve_processing,Find Fuzzy Outline,,missing_specialized,,"Find Fuzzy Outline — preserve the documented operation, not merely a manually reproducible drawing.","Missing tolerance-aware fuzzy contour, batch cut/trim/intersection and region-dependent line-style workflow. BOUNDARY/TRIM/BREAK do not establish this behavior.",src/app/features.ts;src/commands/index.ts;src/commands/modify.ts:859;src/commands/draw/curves.ts:1,sys/yqshortcut.txt:811;sys/yqpanel.txt:736
yq_plineextrude,yq_plineextrude,command,supplementary,curve_processing,Extrude a pline,jc,missing_specialized,,Generate the source polyline-extrusion drawing operation; implement only documented 2D output if pursued.,No native extrusion command exists. The source only says polyline extrusion with an angle option; it does not prove that the entire operation is 3D. Prior blanket 3D exclusion was unsupported.,src/commands/index.ts:23,sys/yqshortcut.txt:813;sys/yqpanel.txt:738;sys/user1/userpanel.txt:35;sys/user2/userpanel.txt:35;sys/userCCD/userpanel.txt:35;sys/userHBA/userpanel.txt:35
yq_copysegment,yq_copysegment,command,supplementary,curve_processing,Copy a Pline Segment,xxcc,missing_specialized,,Copy or divide one selected polyline segment without exploding the whole polyline.,No segment-selection command is exposed; EXPLODE changes the whole path and DIVIDE acts on a whole entity.,src/commands/modify.ts:819;src/commands/draw/construction.ts:280,sys/yqshortcut.txt:814;sys/yqpanel.txt:739;sys/user1/userpanel.txt:36;sys/user2/userpanel.txt:36;sys/userCCD/userpanel.txt:36;sys/userHBA/userpanel.txt:36
yq_dividesegment,yq_dividesegment,command,supplementary,curve_processing,Divide a Pline Segment,xxdf,missing_specialized,,Copy or divide one selected polyline segment without exploding the whole polyline.,No segment-selection command is exposed; EXPLODE changes the whole path and DIVIDE acts on a whole entity.,src/commands/modify.ts:819;src/commands/draw/construction.ts:280,sys/yqshortcut.txt:815;sys/yqpanel.txt:740;sys/user1/userpanel.txt:37;sys/user2/userpanel.txt:37;sys/userCCD/userpanel.txt:37;sys/userHBA/userpanel.txt:37
yq_break_interval,yq_break_interval,command,supplementary,geometry_productivity,Interval Break,bjx,missing_specialized,,"Interval Break — preserve the documented operation, not merely a manually reproducible drawing.","Missing tolerance-aware fuzzy contour, batch cut/trim/intersection and region-dependent line-style workflow. BOUNDARY/TRIM/BREAK do not establish this behavior.",src/app/features.ts;src/commands/index.ts;src/commands/modify.ts:94,sys/yqshortcut.txt:816;sys/yqpanel.txt:741;sys/user1/userpanel.txt:38;sys/user2/userpanel.txt:38;sys/userCCD/userpanel.txt:38;sys/userHBA/userpanel.txt:38
yq_qzx,yq_qzx,command,supplementary,statistics_data,Pline Centroid,,partial,MASSPROP,"Pline Centroid — preserve the documented operation, not merely a manually reproducible drawing.",Centroid calculation exists experimentally; in-drawing centroid placement needs review.,src/commands/production.ts;src/commands/utility.ts:46;src/commands/blocks.ts:158;src/blocks/blockOps.ts:180,sys/yqshortcut.txt:818;sys/yqpanel.txt:743
yq_normal,yq_normal,command,supplementary,curve_processing,Normal at Curve,,missing_specialized,,"Normal at Curve — preserve the documented operation, not merely a manually reproducible drawing.","Missing dedicated curve simplification/conversion/approximation, paired-vertex joins, stylization, normal or hull-generation workflow in the registered native command surface.",src/app/features.ts;src/commands/index.ts;src/commands/modify.ts:859;src/commands/draw/curves.ts:1,sys/yqshortcut.txt:819;sys/yqpanel.txt:744
yq_s2h,yq_s2h,command,supplementary,hatch_linetype,Convert SOLID to HATCH,,missing_specialized,,"Convert existing SOLID to HATCH, arc to circle, or circle to polyline while preserving its location/properties.",Corresponding create commands exist; no in-place conversion workflow for these entity pairs is registered. PEDIT accepts line/arc but not circle.,src/commands/modify.ts:859;src/commands/draw/areas.ts:174,sys/yqshortcut.txt:821;sys/yqpanel.txt:746
yq_a2c,yq_a2c,command,supplementary,curve_processing,Convert Arc to Circle,,missing_specialized,,"Convert existing SOLID to HATCH, arc to circle, or circle to polyline while preserving its location/properties.",Corresponding create commands exist; no in-place conversion workflow for these entity pairs is registered. PEDIT accepts line/arc but not circle.,src/commands/modify.ts:859;src/commands/draw/areas.ts:174,sys/yqshortcut.txt:822;sys/yqpanel.txt:747
yq_c2x,yq_c2x,command,supplementary,curve_processing,Convert Circle to Pline,,missing_specialized,,"Convert existing SOLID to HATCH, arc to circle, or circle to polyline while preserving its location/properties.",Corresponding create commands exist; no in-place conversion workflow for these entity pairs is registered. PEDIT accepts line/arc but not circle.,src/commands/modify.ts:859;src/commands/draw/areas.ts:174,sys/yqshortcut.txt:823;sys/yqpanel.txt:748
yq_s2a,yq_s2a,command,supplementary,curve_processing,Spline/Ellipse to Arc Pline,s2a,missing_specialized,,Approximate spline/ellipse as a chain of arcs or line segments.,PEDIT accepts line/arc/polyline only. Tessellation internals are not exposed as a curve-conversion command.,src/commands/modify.ts:867;src/commands/index.ts:23,sys/yqshortcut.txt:824;sys/yqpanel.txt:749;sys/user1/userpanel.txt:40;sys/user2/userpanel.txt:40;sys/userCCD/userpanel.txt:40;sys/userHBA/userpanel.txt:40
yq_s2x,yq_s2x,command,supplementary,curve_processing,Spline/Ellipse to line Pline,s2x,missing_specialized,,Approximate spline/ellipse as a chain of arcs or line segments.,PEDIT accepts line/arc/polyline only. Tessellation internals are not exposed as a curve-conversion command.,src/commands/modify.ts:867;src/commands/index.ts:23,sys/yqshortcut.txt:825;sys/yqpanel.txt:750;sys/user1/userpanel.txt:41;sys/user2/userpanel.txt:41;sys/userCCD/userpanel.txt:41;sys/userHBA/userpanel.txt:41
yq_irectangle,yq_irectangle,command,supplementary,geometry_productivity,Integer Rectangle,recz,missing_specialized,,Create rectangles with integer-size snapping/rounding constraints.,RECTANG accepts exact dimensions but does not constrain interactively drawn lengths to integers. Typing integers manually is not automatic integer sizing.,src/commands/draw/curves.ts:505,sys/yqshortcut.txt:827;sys/yqpanel.txt:752;sys/user1/userpanel.txt:43;sys/user2/userpanel.txt:43;sys/userCCD/userpanel.txt:43;sys/userHBA/userpanel.txt:43
yq_rect3pt,yq_rect3pt,command,supplementary,geometry_productivity,3 Point Rectangle,rec3,partial,RECTANG,Create an oriented rectangle from its first edge and a third point.,"RECTANG rotation can be selected using points, followed by opposite corner; no dedicated first-edge/third-point mode exists.",src/commands/draw/curves.ts:505;src/commands/draw/curves.ts:554,sys/yqshortcut.txt:828;sys/yqpanel.txt:753;sys/user1/userpanel.txt:44;sys/user2/userpanel.txt:44;sys/userCCD/userpanel.txt:44;sys/userHBA/userpanel.txt:44
yq_diagonal,yq_diagonal,command,supplementary,geometry_productivity,Quads to Diagonals,djx,missing_specialized,,Derive diagonals of selected quadrilaterals or place lines within detected cells.,LINE requires manually picked endpoints; no quadrilateral/cell recognition generator exists.,src/commands/draw/curves.ts:33;src/commands/index.ts:23,sys/yqshortcut.txt:829;sys/yqpanel.txt:754;sys/user1/userpanel.txt:45;sys/user2/userpanel.txt:45;sys/userCCD/userpanel.txt:45;sys/userHBA/userpanel.txt:45
yq_insideline,yq_insideline,command,supplementary,geometry_productivity,Create Inside Line,rx,missing_specialized,,Derive diagonals of selected quadrilaterals or place lines within detected cells.,LINE requires manually picked endpoints; no quadrilateral/cell recognition generator exists.,src/commands/draw/curves.ts:33;src/commands/index.ts:23,sys/yqshortcut.txt:830;sys/yqpanel.txt:755;sys/user1/userpanel.txt:46;sys/user2/userpanel.txt:46;sys/userCCD/userpanel.txt:46;sys/userHBA/userpanel.txt:46
yq_anglexline,yq_anglexline,command,supplementary,geometry_productivity,Angle Xline,gzx,partial,XLINE,"Angle Xline — preserve the documented operation, not merely a manually reproducible drawing.",Native construction lines exist; convenience presets differ.,src/app/features.ts;src/commands/index.ts;src/commands/modify.ts:94,sys/yqshortcut.txt:831;sys/yqpanel.txt:756;sys/user1/userpanel.txt:47;sys/user2/userpanel.txt:47;sys/userCCD/userpanel.txt:47;sys/userHBA/userpanel.txt:47
yq_appendarc,yq_appendarc,command,supplementary,geometry_productivity,Append Arc,aj,partial,ARC;BLEND,Append a smooth arc to a selected line/curve with continuity.,"ARC start/end/direction and BLEND support related geometry. BLEND creates a spline between two curves, not the exact appended-arc workflow.",src/commands/draw/curves.ts:354;src/commands/production.ts:264,sys/yqshortcut.txt:832;sys/yqpanel.txt:757;sys/user1/userpanel.txt:48;sys/user2/userpanel.txt:48;sys/userCCD/userpanel.txt:48;sys/userHBA/userpanel.txt:48
yq_text2curve,yq_text2curve,command,supplementary,text_productivity,Text Along Curve,tt2c,missing_specialized,,"Text Along Curve — preserve the documented operation, not merely a manually reproducible drawing.","Missing dictionary/numbering/formula transformation, text splitting/reordering/vectorization and curve-layout workflows; FIND/TEXTEDIT are not substitutes.",src/app/features.ts;src/commands/index.ts;src/commands/annotate.ts:426;src/commands/production.ts:425,sys/yqshortcut.txt:834;sys/yqpanel.txt:759;sys/user1/userpanel.txt:50;sys/user2/userpanel.txt:50;sys/userCCD/userpanel.txt:50;sys/userHBA/userpanel.txt:50
yq_fixpsdimscale,yq_fixpsdimscale,command,supplementary,system_workflow,Switch PS Dimscale,ddps,host_integration,,"Switch PS Dimscale — preserve the documented operation, not merely a manually reproducible drawing.",Tied to AutoCAD/Windows/Tianzheng/plugin installation or host-only object/filesystem conventions. Evaluate a native 2D outcome separately; no literal host integration parity.,AGENTS.md,sys/yqshortcut.txt:837;sys/yqpanel.txt:762;sys/user1/userpanel.txt:53;sys/user2/userpanel.txt:53;sys/userCCD/userpanel.txt:53;sys/userHBA/userpanel.txt:53
yq_dim_auto,yq_dim_auto,command,supplementary,dimensions,Auto DIM,ddc,missing_specialized,,"Auto DIM — preserve the documented operation, not merely a manually reproducible drawing.",Missing specialized automatic architectural/intersection/room/polygon dimension generation; generic dimensions and QDIM do not establish equivalence.,src/app/features.ts;src/commands/index.ts;src/commands/annotate.ts:143;src/commands/production.ts:55,sys/yqshortcut.txt:838;sys/yqpanel.txt:763;sys/user1/userpanel.txt:54;sys/user2/userpanel.txt:54;sys/userCCD/userpanel.txt:54;sys/userHBA/userpanel.txt:54
yq_dim_polygonangles,yq_dim_polygonangles,command,supplementary,dimensions,DIM Polygon Angles,ddans,missing_specialized,,"DIM Polygon Angles — preserve the documented operation, not merely a manually reproducible drawing.",Missing specialized automatic architectural/intersection/room/polygon dimension generation; generic dimensions and QDIM do not establish equivalence.,src/app/features.ts;src/commands/index.ts;src/commands/annotate.ts:143;src/commands/production.ts:55,sys/yqshortcut.txt:839;sys/yqpanel.txt:764;sys/user1/userpanel.txt:55;sys/user2/userpanel.txt:55;sys/userCCD/userpanel.txt:55;sys/userHBA/userpanel.txt:55
yq_dim_arcs,yq_dim_arcs,command,supplementary,dimensions,DIM Arcs Length,ddars,missing_specialized,,"DIM Arcs Length — preserve the documented operation, not merely a manually reproducible drawing.",Missing specialized automatic architectural/intersection/room/polygon dimension generation; generic dimensions and QDIM do not establish equivalence.,src/app/features.ts;src/commands/index.ts;src/commands/annotate.ts:143;src/commands/production.ts:55,sys/yqshortcut.txt:840;sys/yqpanel.txt:765;sys/user1/userpanel.txt:56;sys/user2/userpanel.txt:56;sys/userCCD/userpanel.txt:56;sys/userHBA/userpanel.txt:56
yq_dim_del0,yq_dim_del0,command,supplementary,dimensions,Erase 0 Length DIM,dde0,missing_specialized,,"Erase 0 Length DIM — preserve the documented operation, not merely a manually reproducible drawing.","No dedicated dimension split/merge, foot editing, collision avoidance or dimension-derived drawing workflow was found.",src/app/features.ts;src/commands/index.ts;src/commands/annotate.ts:143;src/commands/production.ts:55,sys/yqshortcut.txt:841;sys/yqpanel.txt:766;sys/user1/userpanel.txt:57;sys/user2/userpanel.txt:57;sys/userCCD/userpanel.txt:57;sys/userHBA/userpanel.txt:57
yq_dim_slope,yq_dim_slope,command,supplementary,dimensions,DIM Slope,ddo,missing_specialized,,Change the obliquing/slope of an existing dimension.,Dimensions expose precision/text/style overrides but no oblique extension-line angle or slope-edit command.,src/ui/panels/propertyDefs.ts:264;src/commands/annotate.ts:402,sys/yqshortcut.txt:842;sys/yqpanel.txt:767;sys/user1/userpanel.txt:58;sys/user2/userpanel.txt:58;sys/userCCD/userpanel.txt:58;sys/userHBA/userpanel.txt:58
yq_dimstretch,yq_dimstretch,command,supplementary,dimensions,Strech by Dimension,sdd,partial,DIMCONSTRAINT;STRETCH,Select an existing dimension value and drive a crossing-region stretch from that value.,"Constraint conversion drives constrained reference geometry, and STRETCH edits a manually chosen region; neither reads dimension text as the input to a selected crossing-region stretch.",src/commands/constraints.ts:311;src/commands/constraints.ts:410;src/commands/modify.ts:554,sys/yqshortcut.txt:843;sys/yqpanel.txt:768;sys/user1/userpanel.txt:59;sys/user2/userpanel.txt:59;sys/userCCD/userpanel.txt:59;sys/userHBA/userpanel.txt:59
yq_dim2lines,yq_dim2lines,command,supplementary,dimensions,Dimensions to Lines,dd2x,missing_specialized,,"Dimensions to Lines — preserve the documented operation, not merely a manually reproducible drawing.","No dedicated dimension split/merge, foot editing, collision avoidance or dimension-derived drawing workflow was found.",src/app/features.ts;src/commands/index.ts;src/commands/annotate.ts:143;src/commands/production.ts:55,sys/yqshortcut.txt:844;sys/yqpanel.txt:769;sys/user1/userpanel.txt:60;sys/user2/userpanel.txt:60;sys/userCCD/userpanel.txt:60;sys/userHBA/userpanel.txt:60
yq_explodable,yq_explodable,command,supplementary,blocks_attributes,Put Explodable,,missing_specialized,,Toggle whether existing selected block definitions may be exploded.,"BlockRecord stores explodable and EXPLODE honors it, but no reachable toggle is provided for existing definitions.",src/blocks/blockOps.ts:56;src/model/kinds/insert.ts:247;src/commands/blockEditor.ts:113,sys/yqshortcut.txt:846;sys/yqpanel.txt:771
yq_nonexplodable,yq_nonexplodable,command,supplementary,blocks_attributes,Put Non-Explodable,,missing_specialized,,Toggle whether existing selected block definitions may be exploded.,"BlockRecord stores explodable and EXPLODE honors it, but no reachable toggle is provided for existing definitions.",src/blocks/blockOps.ts:56;src/model/kinds/insert.ts:247;src/commands/blockEditor.ts:113,sys/yqshortcut.txt:847;sys/yqpanel.txt:772
yq_expattblk,yq_expattblk,command,supplementary,blocks_attributes,Exp. Att Blk,bbxt,native_core,EXPLODE,Explode an attributed block while keeping displayed attribute values as text.,"insertKind.explode emits TEXT entities for evaluated attributes, preserving their displayed text and placement.",src/commands/modify.ts:819;src/model/kinds/insert.ts:247,sys/yqshortcut.txt:848;sys/yqpanel.txt:773;sys/user1/userpanel.txt:62;sys/user2/userpanel.txt:62;sys/userCCD/userpanel.txt:62;sys/userHBA/userpanel.txt:62
yq_edb,yq_edb,command,supplementary,blocks_attributes,Exp.to Blk's Lay,,partial,EXPLODE,Explode a block and force every resulting entity to the insertion layer or current layer.,EXPLODE maps layer0 children to the host layer but preserves explicitly named child layers; no force-all insertion/current-layer option exists.,src/model/kinds/insert.ts:146;src/commands/modify.ts:819,sys/yqshortcut.txt:849;sys/yqpanel.txt:774
yq_edc,yq_edc,command,supplementary,blocks_attributes,Exp.to Cur Layer,,partial,EXPLODE,Explode a block and force every resulting entity to the insertion layer or current layer.,EXPLODE maps layer0 children to the host layer but preserves explicitly named child layers; no force-all insertion/current-layer option exists.,src/model/kinds/insert.ts:146;src/commands/modify.ts:819,sys/yqshortcut.txt:850;sys/yqpanel.txt:775
yq_blockgrouping,yq_blockgrouping,command,supplementary,blocks_attributes,Blocks by Grouping,,missing_specialized,,"Blocks by Grouping — preserve the documented operation, not merely a manually reproducible drawing.","Missing dedicated batch/nested block conversion, preserved-placement base-point change, automatic grouping and attribute extraction/increment workflows. Native block editing alone is not the same behavior.",src/app/features.ts;src/commands/index.ts;src/commands/blocks.ts:1;src/model/kinds/insert.ts:247,sys/yqshortcut.txt:851;sys/yqpanel.txt:776
yq_blockchcolor,yq_blockchcolor,command,supplementary,blocks_attributes,Replace color in block,bbcc,missing_specialized,,Replace matching colors recursively inside selected block definitions.,SETBYLAYER only edits selected entities; BEDIT requires individual editing. No nested color correspondence operation exists.,src/commands/utility.ts:250;src/commands/blockEditor.ts:1,sys/yqshortcut.txt:852;sys/yqpanel.txt:777;sys/user1/userpanel.txt:63;sys/user2/userpanel.txt:63;sys/userCCD/userpanel.txt:63;sys/userHBA/userpanel.txt:63
yq_refx,yq_refx,command,supplementary,blocks_attributes,Explode Reference Block,refx,partial,XBIND;EXPLODE,Explode an external reference into local drawing geometry.,XBIND embeds a reference as a block; EXPLODE can then act separately. No single atomic bind-and-explode flow exists.,src/commands/references.ts:1;src/commands/modify.ts:819,sys/yqshortcut.txt:854;sys/yqpanel.txt:779;sys/user1/userpanel.txt:65;sys/user2/userpanel.txt:65;sys/userCCD/userpanel.txt:65;sys/userHBA/userpanel.txt:65
yq_xref2rel,yq_xref2rel,command,supplementary,blocks_attributes,Xref to Relative,xf2r,host_integration,,"Xref to Relative — preserve the documented operation, not merely a manually reproducible drawing.",Tied to AutoCAD/Windows/Tianzheng/plugin installation or host-only object/filesystem conventions. Evaluate a native 2D outcome separately; no literal host integration parity.,AGENTS.md;src/commands/blocks.ts:1;src/model/kinds/insert.ts:247,sys/yqshortcut.txt:855;sys/yqpanel.txt:780;sys/user1/userpanel.txt:66;sys/user2/userpanel.txt:66;sys/userCCD/userpanel.txt:66;sys/userHBA/userpanel.txt:66
yq_xref2abs,yq_xref2abs,command,supplementary,blocks_attributes,Xref to Absolute,xf2a,host_integration,,"Xref to Absolute — preserve the documented operation, not merely a manually reproducible drawing.",Tied to AutoCAD/Windows/Tianzheng/plugin installation or host-only object/filesystem conventions. Evaluate a native 2D outcome separately; no literal host integration parity.,AGENTS.md;src/commands/blocks.ts:1;src/model/kinds/insert.ts:247,sys/yqshortcut.txt:856;sys/yqpanel.txt:781;sys/user1/userpanel.txt:67;sys/user2/userpanel.txt:67;sys/userCCD/userpanel.txt:67;sys/userHBA/userpanel.txt:67
yq_relswitch,yq_relswitch,command,supplementary,system_workflow,Relations Switches,gl,partial,DIMDISASSOCIATE;DYNTOGGLE,"Toggle the source command association/settings switches, including mirrored-hatch direction policy.","Some native association/input switches exist, but no unified hatch-mirror/association settings operation is exposed. The source changelog confirms multiple distinct switches.",src/commands/annotate.ts:390;src/model/kinds/hatch.ts:1;src/commands/view.ts:1,sys/yqshortcut.txt:859;sys/yqpanel.txt:784;sys/user1/userpanel.txt:70;sys/user2/userpanel.txt:70;sys/userCCD/userpanel.txt:70;sys/userHBA/userpanel.txt:70
yq_qgtx,yq_qgtx,command,supplementary,viewports_sheets,Clip Image,qgtx,native_core,IMAGECLIP,"Clip Image — preserve the documented operation, not merely a manually reproducible drawing.",Core outcome exists; YQArch-specific defaults and automation are not asserted equivalent.,src/commands/references.ts;src/commands/layout.ts:115,sys/yqshortcut.txt:861;sys/yqpanel.txt:786;sys/user1/userpanel.txt:72;sys/user2/userpanel.txt:72;sys/userCCD/userpanel.txt:72;sys/userHBA/userpanel.txt:72
yq_imagesplit,yq_imagesplit,command,supplementary,viewports_sheets,Image Splitting,cftx,missing_specialized,,"Image Splitting — preserve the documented operation, not merely a manually reproducible drawing.",Missing image/board subdivision workflow. Image clipping alone is not equivalent.,src/app/features.ts;src/commands/index.ts;src/commands/layout.ts:115,sys/yqshortcut.txt:862;sys/yqpanel.txt:787;sys/user1/userpanel.txt:73;sys/user2/userpanel.txt:73;sys/userCCD/userpanel.txt:73;sys/userHBA/userpanel.txt:73
yq_boardsplit,yq_boardsplit,command,supplementary,construction_components,Board Splitting,cfb,missing_specialized,,"Board Splitting — preserve the documented operation, not merely a manually reproducible drawing.",Missing image/board subdivision workflow. Image clipping alone is not equivalent.,src/app/features.ts;src/commands/index.ts;src/commands/index.ts:23;src/app/features.ts:51,sys/yqshortcut.txt:863;sys/yqpanel.txt:788;sys/user1/userpanel.txt:74;sys/user2/userpanel.txt:74;sys/userCCD/userpanel.txt:74;sys/userHBA/userpanel.txt:74
yq_heelblock,yq_heelblock,command,supplementary,construction_components,Heel Block,dk,missing_specialized,,"Heel Block — preserve the documented operation, not merely a manually reproducible drawing.",Missing automated landscape/circuit/layout/developed-elevation and fabrication detail generators. Static blocks and generic edits are not equivalent.,src/app/features.ts;src/commands/index.ts;src/commands/index.ts:23;src/app/features.ts:51,sys/yqshortcut.txt:865;sys/yqpanel.txt:790;sys/user1/userpanel.txt:76;sys/user2/userpanel.txt:76;sys/userCCD/userpanel.txt:76;sys/userHBA/userpanel.txt:76
yq_outerhull,yq_outerhull,command,supplementary,curve_processing,The Outer Hull,,missing_specialized,,"The Outer Hull — preserve the documented operation, not merely a manually reproducible drawing.","Missing dedicated curve simplification/conversion/approximation, paired-vertex joins, stylization, normal or hull-generation workflow in the registered native command surface.",src/app/features.ts;src/commands/index.ts;src/commands/modify.ts:859;src/commands/draw/curves.ts:1,sys/yqshortcut.txt:866;sys/yqpanel.txt:791
yq_sawtooth,yq_sawtooth,command,supplementary,construction_components,Create Sawtooth,saw,missing_specialized,,"Create Sawtooth — preserve the documented operation, not merely a manually reproducible drawing.",Missing automated landscape/circuit/layout/developed-elevation and fabrication detail generators. Static blocks and generic edits are not equivalent.,src/app/features.ts;src/commands/index.ts;src/commands/index.ts:23;src/app/features.ts:51,sys/yqshortcut.txt:867;sys/yqpanel.txt:792;sys/user1/userpanel.txt:77;sys/user2/userpanel.txt:77;sys/userCCD/userpanel.txt:77;sys/userHBA/userpanel.txt:77
yq_begonia,yq_begonia,command,supplementary,construction_components,Begonia Angle,htj,missing_specialized,,"Begonia Angle — preserve the documented operation, not merely a manually reproducible drawing.",Missing automated landscape/circuit/layout/developed-elevation and fabrication detail generators. Static blocks and generic edits are not equivalent.,src/app/features.ts;src/commands/index.ts;src/commands/index.ts:23;src/app/features.ts:51,sys/yqshortcut.txt:868;sys/yqpanel.txt:793;sys/user1/userpanel.txt:78;sys/user2/userpanel.txt:78;sys/userCCD/userpanel.txt:78;sys/userHBA/userpanel.txt:78
yq_cbj,yq_cbj,command,supplementary,construction_components,Beveled Plate Glass,cbj,missing_specialized,,"Beveled Plate Glass — preserve the documented operation, not merely a manually reproducible drawing.",Missing automated landscape/circuit/layout/developed-elevation and fabrication detail generators. Static blocks and generic edits are not equivalent.,src/app/features.ts;src/commands/index.ts;src/commands/index.ts:23;src/app/features.ts:51,sys/yqshortcut.txt:869;sys/yqpanel.txt:794;sys/user1/userpanel.txt:79;sys/user2/userpanel.txt:79;sys/userCCD/userpanel.txt:79;sys/userHBA/userpanel.txt:79
yq_trimcurtainwall,yq_trimcurtainwall,command,supplementary,construction_components,Curtainwall Scissor,tq,missing_specialized,,"Curtainwall Scissor — preserve the documented operation, not merely a manually reproducible drawing.",Missing automated landscape/circuit/layout/developed-elevation and fabrication detail generators. Static blocks and generic edits are not equivalent.,src/app/features.ts;src/commands/index.ts;src/commands/index.ts:23;src/app/features.ts:51,sys/yqshortcut.txt:870;sys/yqpanel.txt:795;sys/user1/userpanel.txt:80;sys/user2/userpanel.txt:80;sys/userCCD/userpanel.txt:80;sys/userHBA/userpanel.txt:80
yq_circuit,yq_circuit,command,supplementary,construction_components,Create Circuits,,missing_specialized,,"Create Circuits — preserve the documented operation, not merely a manually reproducible drawing.",Missing automated landscape/circuit/layout/developed-elevation and fabrication detail generators. Static blocks and generic edits are not equivalent.,src/app/features.ts;src/commands/index.ts;src/commands/index.ts:23;src/app/features.ts:51,sys/yqshortcut.txt:871;sys/yqpanel.txt:796
yq_hbleader,yq_hbleader,command,supplementary,architectural_annotations,Leader of Hatching/Block,,missing_specialized,,Create an annotation leader whose content is derived from a selected hatch or block.,MLEADER constructs text leaders; no hatch/block sampling and content-generation workflow is registered.,src/commands/draw/annotation.ts:135,sys/yqshortcut.txt:872;sys/yqpanel.txt:797
yq_lmzk,yq_lmzk,command,supplementary,construction_components,Unwind Elevation,,missing_specialized,,"Unwind Elevation — preserve the documented operation, not merely a manually reproducible drawing.",Missing automated landscape/circuit/layout/developed-elevation and fabrication detail generators. Static blocks and generic edits are not equivalent.,src/app/features.ts;src/commands/index.ts;src/commands/index.ts:23;src/app/features.ts:51,sys/yqshortcut.txt:873;sys/yqpanel.txt:798
yq_linkblocks,yq_linkblocks,command,supplementary,construction_components,Blocks Connection,lb,missing_specialized,,"Blocks Connection — preserve the documented operation, not merely a manually reproducible drawing.",Missing automated landscape/circuit/layout/developed-elevation and fabrication detail generators. Static blocks and generic edits are not equivalent.,src/app/features.ts;src/commands/index.ts;src/commands/index.ts:23;src/app/features.ts:51,sys/yqshortcut.txt:874;sys/yqpanel.txt:799;sys/user1/userpanel.txt:81;sys/user2/userpanel.txt:81;sys/userCCD/userpanel.txt:81;sys/userHBA/userpanel.txt:81
yq_lsxq,yq_lsxq,command,supplementary,system_workflow,Get Linked Selection Sets,lsxq,missing_specialized,,Expand selection through connected geometry as a chain.,QSELECT filters properties and SELECTSIMILAR compares attributes; neither traverses geometric connectivity.,src/commands/utility.ts:263;src/commands/utility.ts:287,sys/yqshortcut.txt:875;sys/yqpanel.txt:800;sys/user1/userpanel.txt:82;sys/user2/userpanel.txt:82;sys/userCCD/userpanel.txt:82;sys/userHBA/userpanel.txt:82
yq_breakandhidden,yq_breakandhidden,command,supplementary,geometry_productivity,Hidden in frames,bxx,missing_specialized,,"Hidden in frames — preserve the documented operation, not merely a manually reproducible drawing.","Missing tolerance-aware fuzzy contour, batch cut/trim/intersection and region-dependent line-style workflow. BOUNDARY/TRIM/BREAK do not establish this behavior.",src/app/features.ts;src/commands/index.ts;src/commands/modify.ts:94,sys/yqshortcut.txt:877;sys/yqpanel.txt:802;sys/user1/userpanel.txt:84;sys/user2/userpanel.txt:84;sys/userCCD/userpanel.txt:84;sys/userHBA/userpanel.txt:84
yq_align2curve,yq_align2curve,command,supplementary,blocks_attributes,Align along a Curve,,missing_specialized,,Reorient/reposition existing blocks along a reference curve.,ARRAYPATH makes copies along a curve; it does not align a chosen set of existing blocks to the path.,src/commands/modify.ts:621,sys/yqshortcut.txt:878;sys/yqpanel.txt:803
yq_chkclosed,yq_chkclosed,command,supplementary,drawing_quality,Check If Closed,bfb,partial,PROPERTIES;AUDIT,Check whether selected curves form closed boundaries and identify failures.,Single-entity closed flags and general audit exist; a selection-set closure test including gaps between separate segments is not exposed.,src/ui/panels/propertyDefs.ts:1;src/commands/audit.ts:1,sys/yqshortcut.txt:880;sys/yqpanel.txt:805;sys/user1/userpanel.txt:86;sys/user2/userpanel.txt:86;sys/userCCD/userpanel.txt:86;sys/userHBA/userpanel.txt:86
yq_delendspaces,yq_delendspaces,command,supplementary,text_productivity,Delete End Spaces,,missing_specialized,,"Delete End Spaces — preserve the documented operation, not merely a manually reproducible drawing.","Missing batch string cleanup, case conversion, dictionary/translation and correspondence-replacement workflow. FIND covers a narrower replacement capability.",src/app/features.ts;src/commands/index.ts;src/commands/annotate.ts:426;src/commands/production.ts:425,sys/yqshortcut.txt:892;sys/yqpanel.txt:820
yq_strcase,yq_strcase,command,supplementary,text_productivity,Upper/Lower Case,,missing_specialized,,"Upper/Lower Case — preserve the documented operation, not merely a manually reproducible drawing.","Missing batch string cleanup, case conversion, dictionary/translation and correspondence-replacement workflow. FIND covers a narrower replacement capability.",src/app/features.ts;src/commands/index.ts;src/commands/annotate.ts:426;src/commands/production.ts:425,sys/yqshortcut.txt:893;sys/yqpanel.txt:821
yq_copytranslate,yq_copytranslate,command,supplementary,text_productivity,Copy & translate,xfy,missing_specialized,,"Copy & translate — preserve the documented operation, not merely a manually reproducible drawing.","Missing batch string cleanup, case conversion, dictionary/translation and correspondence-replacement workflow. FIND covers a narrower replacement capability.",src/app/features.ts;src/commands/index.ts;src/commands/annotate.ts:426;src/commands/production.ts:425,sys/yqshortcut.txt:894;sys/yqpanel.txt:822;sys/user1/userpanel.txt:98;sys/user2/userpanel.txt:98;sys/userCCD/userpanel.txt:98;sys/userHBA/userpanel.txt:98
yq_tch2text,yq_tch2text,command,supplementary,system_workflow,Tch_Text to Text,,host_integration,,"Tch_Text to Text — preserve the documented operation, not merely a manually reproducible drawing.",Tied to AutoCAD/Windows/Tianzheng/plugin installation or host-only object/filesystem conventions. Evaluate a native 2D outcome separately; no literal host integration parity.,AGENTS.md,sys/yqshortcut.txt:895;sys/yqpanel.txt:823
yq_callayer,yq_callayer,command,supplementary,statistics_data,Set Calculation Layer,,missing_specialized,,Configure/select layers specifically for quantity calculation workflows.,"Current layer management exists, but no takeoff-specific layer role/settings schema or workflow is present.",src/commands/utility.ts:157;src/commands/utility.ts:46,sys/yqshortcut.txt:906;sys/yqpanel.txt:852
yq_as2r,yq_as2r,command,supplementary,statistics_data,Arc/Sagitta to Radius,,missing_specialized,,"Arc/Sagitta to Radius — preserve the documented operation, not merely a manually reproducible drawing.",Missing selection-driven numeric-text calculator/conversion workflow. Parameter expressions are not the same drawing-text operation.,src/app/features.ts;src/commands/index.ts;src/commands/utility.ts:46;src/commands/blocks.ts:158;src/blocks/blockOps.ts:180,sys/yqshortcut.txt:908;sys/yqpanel.txt:854
yq_abs2rel,yq_abs2rel,command,supplementary,statistics_data,Numbers Rel/Abs,,missing_specialized,,"Numbers Rel/Abs — preserve the documented operation, not merely a manually reproducible drawing.",Missing selection-driven numeric-text calculator/conversion workflow. Parameter expressions are not the same drawing-text operation.,src/app/features.ts;src/commands/index.ts;src/commands/utility.ts:46;src/commands/blocks.ts:158;src/blocks/blockOps.ts:180,sys/yqshortcut.txt:909;sys/yqpanel.txt:855
yq_m2,yq_m2,command,supplementary,statistics_data,Text to M2,,missing_specialized,,"Text to M2 — preserve the documented operation, not merely a manually reproducible drawing.",Missing selection-driven numeric-text calculator/conversion workflow. Parameter expressions are not the same drawing-text operation.,src/app/features.ts;src/commands/index.ts;src/commands/utility.ts:46;src/commands/blocks.ts:158;src/blocks/blockOps.ts:180,sys/yqshortcut.txt:911
yq_m1,yq_m1,command,supplementary,statistics_data,Text to Meter,,missing_specialized,,"Text to Meter — preserve the documented operation, not merely a manually reproducible drawing.",Missing selection-driven numeric-text calculator/conversion workflow. Parameter expressions are not the same drawing-text operation.,src/app/features.ts;src/commands/index.ts;src/commands/utility.ts:46;src/commands/blocks.ts:158;src/blocks/blockOps.ts:180,sys/yqshortcut.txt:912
yq_text2clipboard,yq_text2clipboard,command,supplementary,text_productivity,Text to Clipboard,wz,missing_specialized,,Collect selected displayed text values into plain-text clipboard content.,"COPYCLIP serializes native entities, not their plain text. FIND does not export matching text values.",src/commands/modify.ts:1204;src/commands/annotate.ts:491,sys/yqshortcut.txt:914;sys/yqpanel.txt:862;sys/user1/userpanel.txt:121;sys/user2/userpanel.txt:121;sys/userCCD/userpanel.txt:121;sys/userHBA/userpanel.txt:121
yq_appendtext2cell,yq_appendtext2cell,command,supplementary,statistics_data,Text to Excel,tce,portable_2d_gap_host_binding,TABLE;DATAEXTRACTION,"Text to Excel — preserve the documented operation, not merely a manually reproducible drawing.",Excel/COM transport is host-specific; portable native table/clipboard/CSV import/export and takeoff outcome remain a separate gap. DATAEXTRACTION alone is not cell-by-cell or coordinate import parity.,src/commands/output.ts;src/app/features.ts;src/commands/utility.ts:46;src/commands/blocks.ts:158;src/blocks/blockOps.ts:180,sys/yqshortcut.txt:915;sys/yqpanel.txt:863;sys/user1/userpanel.txt:122;sys/user2/userpanel.txt:122;sys/userCCD/userpanel.txt:122;sys/userHBA/userpanel.txt:122
yq_appendnum2cell,yq_appendnum2cell,command,supplementary,statistics_data,Number to Excel,nce,portable_2d_gap_host_binding,TABLE;DATAEXTRACTION,"Number to Excel — preserve the documented operation, not merely a manually reproducible drawing.",Excel/COM transport is host-specific; portable native table/clipboard/CSV import/export and takeoff outcome remain a separate gap. DATAEXTRACTION alone is not cell-by-cell or coordinate import parity.,src/commands/output.ts;src/app/features.ts;src/commands/utility.ts:46;src/commands/blocks.ts:158;src/blocks/blockOps.ts:180,sys/yqshortcut.txt:916;sys/yqpanel.txt:864;sys/user1/userpanel.txt:123;sys/user2/userpanel.txt:123;sys/userCCD/userpanel.txt:123;sys/userHBA/userpanel.txt:123
yq_appenddim2cell,yq_appenddim2cell,command,supplementary,statistics_data,Dim to Excel,ddce,portable_2d_gap_host_binding,TABLE;DATAEXTRACTION,"Dim to Excel — preserve the documented operation, not merely a manually reproducible drawing.",Excel/COM transport is host-specific; portable native table/clipboard/CSV import/export and takeoff outcome remain a separate gap. DATAEXTRACTION alone is not cell-by-cell or coordinate import parity.,src/commands/output.ts;src/app/features.ts;src/commands/utility.ts:46;src/commands/blocks.ts:158;src/blocks/blockOps.ts:180,sys/yqshortcut.txt:917;sys/yqpanel.txt:865;sys/user1/userpanel.txt:124;sys/user2/userpanel.txt:124;sys/userCCD/userpanel.txt:124;sys/userHBA/userpanel.txt:124
yq_areawall,yq_areawall,command,supplementary,statistics_data,Get Area/Perimeter,wmj,partial,AREA,Measure area/perimeter/wall surface and output the source takeoff summary.,AREA reports planar area/perimeter and accumulated area. It has no wall height/opening subtraction/surface-area takeoff or takeoff summary output.,src/commands/utility.ts:46,sys/yqshortcut.txt:919;sys/yqpanel.txt:867;sys/user1/userpanel.txt:126;sys/user2/userpanel.txt:126;sys/userCCD/userpanel.txt:126;sys/userHBA/userpanel.txt:126
yq_pickarea2excel,yq_pickarea2excel,command,supplementary,statistics_data,Pickup Area to Excel,dmj,portable_2d_gap_host_binding,TABLE;DATAEXTRACTION,"Pickup Area to Excel — preserve the documented operation, not merely a manually reproducible drawing.",Excel/COM transport is host-specific; portable native table/clipboard/CSV import/export and takeoff outcome remain a separate gap. DATAEXTRACTION alone is not cell-by-cell or coordinate import parity.,src/commands/output.ts;src/app/features.ts;src/commands/utility.ts:46;src/commands/blocks.ts:158;src/blocks/blockOps.ts:180,sys/yqshortcut.txt:921;sys/yqpanel.txt:869;sys/user1/userpanel.txt:128;sys/user2/userpanel.txt:128;sys/userCCD/userpanel.txt:128;sys/userHBA/userpanel.txt:128
yq_rectanglearea,yq_rectanglearea,command,supplementary,statistics_data,Rectangle Area to Excel,kmj,portable_2d_gap_host_binding,TABLE;DATAEXTRACTION,"Rectangle Area to Excel — preserve the documented operation, not merely a manually reproducible drawing.",Excel/COM transport is host-specific; portable native table/clipboard/CSV import/export and takeoff outcome remain a separate gap. DATAEXTRACTION alone is not cell-by-cell or coordinate import parity.,src/commands/output.ts;src/app/features.ts;src/commands/utility.ts:46;src/commands/blocks.ts:158;src/blocks/blockOps.ts:180,sys/yqshortcut.txt:922;sys/yqpanel.txt:870;sys/user1/userpanel.txt:129;sys/user2/userpanel.txt:129;sys/userCCD/userpanel.txt:129;sys/userHBA/userpanel.txt:129
yq_plinearea,yq_plinearea,command,supplementary,statistics_data,Select Area to Excel,smj,portable_2d_gap_host_binding,TABLE;DATAEXTRACTION,"Select Area to Excel — preserve the documented operation, not merely a manually reproducible drawing.",Excel/COM transport is host-specific; portable native table/clipboard/CSV import/export and takeoff outcome remain a separate gap. DATAEXTRACTION alone is not cell-by-cell or coordinate import parity.,src/commands/output.ts;src/app/features.ts;src/commands/utility.ts:46;src/commands/blocks.ts:158;src/blocks/blockOps.ts:180,sys/yqshortcut.txt:923;sys/yqpanel.txt:871;sys/user1/userpanel.txt:130;sys/user2/userpanel.txt:130;sys/userCCD/userpanel.txt:130;sys/userHBA/userpanel.txt:130
yq_textcellarea,yq_textcellarea,command,supplementary,statistics_data,Cell Area to Excel,zmj,portable_2d_gap_host_binding,TABLE;DATAEXTRACTION,"Cell Area to Excel — preserve the documented operation, not merely a manually reproducible drawing.",Excel/COM transport is host-specific; portable native table/clipboard/CSV import/export and takeoff outcome remain a separate gap. DATAEXTRACTION alone is not cell-by-cell or coordinate import parity.,src/commands/output.ts;src/app/features.ts;src/commands/utility.ts:46;src/commands/blocks.ts:158;src/blocks/blockOps.ts:180,sys/yqshortcut.txt:924;sys/yqpanel.txt:872;sys/user1/userpanel.txt:131;sys/user2/userpanel.txt:131;sys/userCCD/userpanel.txt:131;sys/userHBA/userpanel.txt:131
yq_hatcharea,yq_hatcharea,command,supplementary,statistics_data,Select harching to Excel,hmj,portable_2d_gap_host_binding,TABLE;DATAEXTRACTION,"Select harching to Excel — preserve the documented operation, not merely a manually reproducible drawing.",Excel/COM transport is host-specific; portable native table/clipboard/CSV import/export and takeoff outcome remain a separate gap. DATAEXTRACTION alone is not cell-by-cell or coordinate import parity.,src/commands/output.ts;src/app/features.ts;src/commands/utility.ts:46;src/commands/blocks.ts:158;src/blocks/blockOps.ts:180,sys/yqshortcut.txt:925;sys/yqpanel.txt:873;sys/user1/userpanel.txt:132;sys/user2/userpanel.txt:132;sys/userCCD/userpanel.txt:132;sys/userHBA/userpanel.txt:132
yq_plineperimeter,yq_plineperimeter,command,supplementary,statistics_data,Select Perimeter to Excel,szc,portable_2d_gap_host_binding,TABLE;DATAEXTRACTION,"Select Perimeter to Excel — preserve the documented operation, not merely a manually reproducible drawing.",Excel/COM transport is host-specific; portable native table/clipboard/CSV import/export and takeoff outcome remain a separate gap. DATAEXTRACTION alone is not cell-by-cell or coordinate import parity.,src/commands/output.ts;src/app/features.ts;src/commands/utility.ts:46;src/commands/blocks.ts:158;src/blocks/blockOps.ts:180,sys/yqshortcut.txt:927;sys/yqpanel.txt:875;sys/user1/userpanel.txt:134;sys/user2/userpanel.txt:134;sys/userCCD/userpanel.txt:134;sys/userHBA/userpanel.txt:134
yq_rectanglemidline,yq_rectanglemidline,command,supplementary,statistics_data,Rectangle Midline to Excel,kzc,portable_2d_gap_host_binding,TABLE;DATAEXTRACTION,"Rectangle Midline to Excel — preserve the documented operation, not merely a manually reproducible drawing.",Excel/COM transport is host-specific; portable native table/clipboard/CSV import/export and takeoff outcome remain a separate gap. DATAEXTRACTION alone is not cell-by-cell or coordinate import parity.,src/commands/output.ts;src/app/features.ts;src/commands/utility.ts:46;src/commands/blocks.ts:158;src/blocks/blockOps.ts:180,sys/yqshortcut.txt:928;sys/yqpanel.txt:876;sys/user1/userpanel.txt:135;sys/user2/userpanel.txt:135;sys/userCCD/userpanel.txt:135;sys/userHBA/userpanel.txt:135
yq_all2gray,yq_all2gray,command,supplementary,layers_standards,All to Gray,,partial,CHPROP;SETBYLAYER,"All to Gray — preserve the documented operation, not merely a manually reproducible drawing.",Batch property edits exist; exact selection scope and restoration behavior require review.,src/commands/utility.ts;src/commands/utility.ts:150;src/ui/panels/LayersPanel.tsx:1,sys/yqshortcut.txt:931;sys/yqpanel.txt:879
yq_2gray,yq_2gray,command,supplementary,layers_standards,Select to Gray,,partial,CHPROP;SETBYLAYER,"Select to Gray — preserve the documented operation, not merely a manually reproducible drawing.",Batch property edits exist; exact selection scope and restoration behavior require review.,src/commands/utility.ts;src/commands/utility.ts:150;src/ui/panels/LayersPanel.tsx:1,sys/yqshortcut.txt:932;sys/yqpanel.txt:880
yq_2layercolor,yq_2layercolor,command,supplementary,layers_standards,To Layer's Color,,partial,CHPROP;SETBYLAYER,"To Layer's Color — preserve the documented operation, not merely a manually reproducible drawing.",Batch property edits exist; exact selection scope and restoration behavior require review.,src/commands/utility.ts;src/commands/utility.ts:150;src/ui/panels/LayersPanel.tsx:1,sys/yqshortcut.txt:933;sys/yqpanel.txt:881
yq_all2layer,yq_all2layer,command,supplementary,layers_standards,All to A Layer,er0,partial,CHPROP;SETBYLAYER,"All to A Layer — preserve the documented operation, not merely a manually reproducible drawing.",Batch property edits exist; exact selection scope and restoration behavior require review.,src/commands/utility.ts;src/commands/utility.ts:150;src/ui/panels/LayersPanel.tsx:1,sys/yqshortcut.txt:935;sys/yqpanel.txt:883;sys/user1/userpanel.txt:138;sys/user2/userpanel.txt:138;sys/userCCD/userpanel.txt:138;sys/userHBA/userpanel.txt:138
yq_00,yq_00,command,supplementary,layers_standards,Recover Color/Ltype/LW Bylayer,00,native_core,SETBYLAYER,"Recover Color/Ltype/LW Bylayer — preserve the documented operation, not merely a manually reproducible drawing.",Core outcome exists; YQArch-specific defaults and automation are not asserted equivalent.,src/commands/utility.ts;src/commands/utility.ts:150;src/ui/panels/LayersPanel.tsx:1,sys/yqshortcut.txt:936;sys/yqpanel.txt:884;sys/user1/userpanel.txt:139;sys/user2/userpanel.txt:139;sys/userCCD/userpanel.txt:139;sys/userHBA/userpanel.txt:139
yq_enamefilter,yq_enamefilter,command,supplementary,system_workflow,Ename Filter,xee,partial,QSELECT,"Ename Filter — preserve the documented operation, not merely a manually reproducible drawing.",Filtering exists; original third-party selector statistics/options are not established.,src/commands/utility.ts,sys/yqshortcut.txt:946;sys/yqpanel.txt:917;sys/user1/userpanel.txt:149;sys/user2/userpanel.txt:149;sys/userCCD/userpanel.txt:149;sys/userHBA/userpanel.txt:149
yq_layerfilter,yq_layerfilter,command,supplementary,system_workflow,Layer Filter,xer,partial,QSELECT,"Layer Filter — preserve the documented operation, not merely a manually reproducible drawing.",Filtering exists; original third-party selector statistics/options are not established.,src/commands/utility.ts,sys/yqshortcut.txt:947;sys/yqpanel.txt:918;sys/user1/userpanel.txt:150;sys/user2/userpanel.txt:150;sys/userCCD/userpanel.txt:150;sys/userHBA/userpanel.txt:150
yq_colorfilter,yq_colorfilter,command,supplementary,system_workflow,Color Filter,xcr,partial,QSELECT,"Color Filter — preserve the documented operation, not merely a manually reproducible drawing.",Filtering exists; original third-party selector statistics/options are not established.,src/commands/utility.ts,sys/yqshortcut.txt:948;sys/yqpanel.txt:919;sys/user1/userpanel.txt:151;sys/user2/userpanel.txt:151;sys/userCCD/userpanel.txt:151;sys/userHBA/userpanel.txt:151
yq_filtererase,yq_filtererase,command,supplementary,system_workflow,Filter Erase,dee,partial,QSELECT;ERASE,"Filter Erase — preserve the documented operation, not merely a manually reproducible drawing.",Native type/property filtering followed by deletion exists; single-command preset behavior differs.,src/app/features.ts;src/commands/index.ts,sys/yqshortcut.txt:952;sys/yqpanel.txt:945;sys/user1/userpanel.txt:153;sys/user2/userpanel.txt:153;sys/userCCD/userpanel.txt:153;sys/userHBA/userpanel.txt:153
yq_tzcracker,yq_tzcracker,command,supplementary,system_workflow,Crack Tch Protect,tzx,host_integration,,"Crack Tch Protect — preserve the documented operation, not merely a manually reproducible drawing.",Tied to AutoCAD/Windows/Tianzheng/plugin installation or host-only object/filesystem conventions. Evaluate a native 2D outcome separately; no literal host integration parity.,AGENTS.md,sys/yqshortcut.txt:959;sys/yqpanel.txt:956;sys/user1/userpanel.txt:161;sys/user2/userpanel.txt:161;sys/userCCD/userpanel.txt:161;sys/userHBA/userpanel.txt:161
yqsys,yq_sys_setting,alias_reference,supplementary,system_workflow,User Preferences,pz,partial,OPTIONS,"User Preferences — preserve the documented operation, not merely a manually reproducible drawing.",Preferences exist; company-profile layer/style conventions require a dedicated standards configuration workflow.,src/commands/utility.ts,sys/yqpanel.txt:14;sys/user1/userpanel.txt:164;sys/user2/userpanel.txt:164;sys/userCCD/userpanel.txt:164;sys/userHBA/userpanel.txt:164
panel-action-25f46a746338,,panel_action,panel_action,statistics_data,Easy Filter,,partial,QSELECT;COUNT,Use the third-party selection/statistics utility exposed by the panel.,Property filtering and counts exist; the original xc_ss extended tool is an external utility and its entire UI/options are not native parity.,src/commands/utility.ts:263;src/commands/utility.ts:572,sys/yqpanel.txt:227
yq_spline2pline,yq_spline2pline,command,supplementary,curve_processing,Curve to Arc Pl,,missing_specialized,,"Curve to Arc Pl — preserve the documented operation, not merely a manually reproducible drawing.","Missing dedicated curve simplification/conversion/approximation, paired-vertex joins, stylization, normal or hull-generation workflow in the registered native command surface.",src/app/features.ts;src/commands/index.ts;src/commands/modify.ts:859;src/commands/draw/curves.ts:1,sys/yqpanel.txt:386
yq_curve2lines,yq_curve2lines,command,supplementary,curve_processing,Curve to Line Pl,,missing_specialized,,"Curve to Line Pl — preserve the documented operation, not merely a manually reproducible drawing.","Missing dedicated curve simplification/conversion/approximation, paired-vertex joins, stylization, normal or hull-generation workflow in the registered native command surface.",src/app/features.ts;src/commands/index.ts;src/commands/modify.ts:859;src/commands/draw/curves.ts:1,sys/yqpanel.txt:387
panel-action-91ba194d910d,,panel_action,panel_action,drawing_quality,Command Frame,,missing_specialized,,Create a rectangular review/comment frame with the source command conventions.,"RECTANG draws plain geometry; no comment-frame operation or associated review text is exposed. Source provides only a short label, so advanced annotation behavior is not inferred.",src/commands/draw/curves.ts:505;src/commands/index.ts:23,sys/yqpanel.txt:466
panel-action-1a96f976b9c7,,panel_action,panel_action,host_integrations,YQArch Folder,,host_integration,,"YQArch Folder — preserve the documented operation, not merely a manually reproducible drawing.",Host/plugin/OS configuration preset rather than a native drawing command.,AGENTS.md,sys/yqpanel.txt:669
panel-action-042136977667,,panel_action,panel_action,host_integrations,DWG Folder,,host_integration,,"DWG Folder — preserve the documented operation, not merely a manually reproducible drawing.",Host/plugin/OS configuration preset rather than a native drawing command.,AGENTS.md,sys/yqpanel.txt:670
panel-action-dd841fd5071e,,panel_action,panel_action,host_integrations,Plotter Style Folder,,host_integration,,"Plotter Style Folder — preserve the documented operation, not merely a manually reproducible drawing.",Host/plugin/OS configuration preset rather than a native drawing command.,AGENTS.md,sys/yqpanel.txt:671
panel-action-9056e0bd1bb9,,panel_action,panel_action,host_integrations,Windows Temporary Dir,,host_integration,,"Windows Temporary Dir — preserve the documented operation, not merely a manually reproducible drawing.",Host/plugin/OS configuration preset rather than a native drawing command.,AGENTS.md,sys/yqpanel.txt:672
panel-action-252834230065,,panel_action,panel_action,host_integrations,Command & Shortcut List,,host_integration,,"Command & Shortcut List — preserve the documented operation, not merely a manually reproducible drawing.",Host/plugin/OS configuration preset rather than a native drawing command.,AGENTS.md,sys/yqpanel.txt:674
panel-action-647d95854f7d,,panel_action,panel_action,host_integrations,Update Information File,,host_integration,,"Update Information File — preserve the documented operation, not merely a manually reproducible drawing.",Host/plugin/OS configuration preset rather than a native drawing command.,AGENTS.md,sys/yqpanel.txt:675
panel-action-6f6054683325,,panel_action,panel_action,layers_standards,Edit Layer File,,host_integration,,"Edit Layer File — preserve the documented operation, not merely a manually reproducible drawing.",Host/plugin/OS configuration preset rather than a native drawing command.,AGENTS.md;src/commands/utility.ts:150;src/ui/panels/LayersPanel.tsx:1,sys/yqpanel.txt:676
panel-action-1b5227c66b23,,panel_action,panel_action,host_integrations,User startup file,,host_integration,,"User startup file — preserve the documented operation, not merely a manually reproducible drawing.",Host/plugin/OS configuration preset rather than a native drawing command.,AGENTS.md,sys/yqpanel.txt:677
panel-action-4508d0812775,,panel_action,panel_action,host_integrations,AutoCAD Shortcuts,,host_integration,,"AutoCAD Shortcuts — preserve the documented operation, not merely a manually reproducible drawing.",Host/plugin/OS configuration preset rather than a native drawing command.,AGENTS.md,sys/yqpanel.txt:678
panel-action-a35480355ba7,,panel_action,panel_action,host_integrations,Fonts Replace File,,host_integration,,"Fonts Replace File — preserve the documented operation, not merely a manually reproducible drawing.",Host/plugin/OS configuration preset rather than a native drawing command.,AGENTS.md,sys/yqpanel.txt:680
fontalt,fontalt,external_command,supplementary,host_integrations,System Val[FONTALT],,host_integration,,"System Val[FONTALT] — preserve the documented operation, not merely a manually reproducible drawing.",AutoCAD/Tianzheng/Windows command supplied by the host or another plugin; no direct native-port requirement.,,sys/yqpanel.txt:681
panel-action-bff33cedd1b5,,panel_action,panel_action,host_integrations,System Panel,,host_integration,,"System Panel — preserve the documented operation, not merely a manually reproducible drawing.",Host/plugin/OS configuration preset rather than a native drawing command.,AGENTS.md,sys/yqpanel.txt:683
panel-action-e7a5e404c6ce,,panel_action,panel_action,host_integrations,User Panel,,host_integration,,"User Panel — preserve the documented operation, not merely a manually reproducible drawing.",Host/plugin/OS configuration preset rather than a native drawing command.,AGENTS.md,sys/yqpanel.txt:684
panel-action-97ee10024f0c,,panel_action,panel_action,host_integrations,Edit ACADISO.LIN,,host_integration,,"Edit ACADISO.LIN — preserve the documented operation, not merely a manually reproducible drawing.",Host/plugin/OS configuration preset rather than a native drawing command.,AGENTS.md,sys/yqpanel.txt:685
panel-action-7276ccef61d7,,panel_action,panel_action,host_integrations,Bmp to Word,,host_integration,,"Bmp to Word — preserve the documented operation, not merely a manually reproducible drawing.",Host/plugin/OS configuration preset rather than a native drawing command.,AGENTS.md,sys/yqpanel.txt:691
yq_osmode,yq_osmode,command,supplementary,system_workflow,Save/Restore OSmode,oos,partial,OSNAP,Save and restore an object-snap configuration with one toggle.,OSNAP changes active snap modes; it does not keep a separate saved mask to restore through this command.,src/commands/view.ts:1,sys/yqpanel.txt:698;sys/user1/userpanel.txt:19;sys/user2/userpanel.txt:19;sys/userCCD/userpanel.txt:19;sys/userHBA/userpanel.txt:19
panel-action-fe5d6c53926d,,panel_action,panel_action,geometry_productivity,Numbers to Offset,,missing_specialized,,Create multiple offsets from an editable list of unequal spacings.,OFFSET requests one distance at a time; number-list interpretation and batch offsets are absent.,src/commands/modify.ts:277,sys/yqpanel.txt:711
panel-action-1b3dbedac8e3,,panel_action,panel_action,text_productivity,Adj. Text Height,,partial,PROPERTIES,"Adj. Text Height — preserve the documented operation, not merely a manually reproducible drawing.",Native property editing exists; interactive alignment preservation and drag-preview semantics need comparison.,src/commands/utility.ts;src/commands/annotate.ts:426;src/commands/production.ts:425,sys/yqpanel.txt:723
panel-action-35a92b5af7a2,,panel_action,panel_action,text_productivity,Adj. Text Angle,,partial,PROPERTIES,"Adj. Text Angle — preserve the documented operation, not merely a manually reproducible drawing.",Native property editing exists; interactive alignment preservation and drag-preview semantics need comparison.,src/commands/utility.ts;src/commands/annotate.ts:426;src/commands/production.ts:425,sys/yqpanel.txt:724
panel-action-eb2d755edbb0,,panel_action,panel_action,geometry_productivity,Adj. Block Angle,,partial,PROPERTIES,"Adj. Block Angle — preserve the documented operation, not merely a manually reproducible drawing.",Native property editing exists; interactive alignment preservation and drag-preview semantics need comparison.,src/commands/utility.ts;src/commands/modify.ts:94,sys/yqpanel.txt:725
panel-action-c7c2b22dd804,,panel_action,panel_action,text_productivity,Match Text Mode1,,missing_specialized,,"Match Text Mode1 — preserve the documented operation, not merely a manually reproducible drawing.","MATCHPROP transfers common properties, text style/height, hatch, dimension style and polyline width; it does not implement block replacement, dynamic parameter transfer, viewport-state transfer or text/attribute-content brushing.",src/app/features.ts;src/commands/index.ts;src/commands/annotate.ts:426;src/commands/production.ts:425,sys/yqpanel.txt:816;sys/user1/userpanel.txt:94;sys/user2/userpanel.txt:94;sys/userCCD/userpanel.txt:94;sys/userHBA/userpanel.txt:94
panel-action-a86241c3aaf4,,panel_action,panel_action,text_productivity,Match Text Mode2,,missing_specialized,,"Match Text Mode2 — preserve the documented operation, not merely a manually reproducible drawing.","MATCHPROP transfers common properties, text style/height, hatch, dimension style and polyline width; it does not implement block replacement, dynamic parameter transfer, viewport-state transfer or text/attribute-content brushing.",src/app/features.ts;src/commands/index.ts;src/commands/annotate.ts:426;src/commands/production.ts:425,sys/yqpanel.txt:817;sys/user1/userpanel.txt:95;sys/user2/userpanel.txt:95;sys/userCCD/userpanel.txt:95;sys/userHBA/userpanel.txt:95
panel-action-6016b438ef1a,,panel_action,panel_action,text_productivity,Match Text Mode3,,missing_specialized,,"Match Text Mode3 — preserve the documented operation, not merely a manually reproducible drawing.","MATCHPROP transfers common properties, text style/height, hatch, dimension style and polyline width; it does not implement block replacement, dynamic parameter transfer, viewport-state transfer or text/attribute-content brushing.",src/app/features.ts;src/commands/index.ts;src/commands/annotate.ts:426;src/commands/production.ts:425,sys/yqpanel.txt:818;sys/user1/userpanel.txt:96;sys/user2/userpanel.txt:96;sys/userCCD/userpanel.txt:96;sys/userHBA/userpanel.txt:96
panel-action-4347f1599d3f,,panel_action,panel_action,text_productivity,Alignment Left,,partial,PROPERTIES,"Alignment Left — preserve the documented operation, not merely a manually reproducible drawing.",Native property editing exists; interactive alignment preservation and drag-preview semantics need comparison.,src/commands/utility.ts;src/commands/annotate.ts:426;src/commands/production.ts:425,sys/yqpanel.txt:840;sys/user1/userpanel.txt:115;sys/user2/userpanel.txt:115;sys/userCCD/userpanel.txt:115;sys/userHBA/userpanel.txt:115
panel-action-bc43719ab4eb,,panel_action,panel_action,text_productivity,Alignment Center,,partial,PROPERTIES,"Alignment Center — preserve the documented operation, not merely a manually reproducible drawing.",Native property editing exists; interactive alignment preservation and drag-preview semantics need comparison.,src/commands/utility.ts;src/commands/annotate.ts:426;src/commands/production.ts:425,sys/yqpanel.txt:841;sys/user1/userpanel.txt:116;sys/user2/userpanel.txt:116;sys/userCCD/userpanel.txt:116;sys/userHBA/userpanel.txt:116
panel-action-9885623ff5fa,,panel_action,panel_action,text_productivity,Alignment Right,,partial,PROPERTIES,"Alignment Right — preserve the documented operation, not merely a manually reproducible drawing.",Native property editing exists; interactive alignment preservation and drag-preview semantics need comparison.,src/commands/utility.ts;src/commands/annotate.ts:426;src/commands/production.ts:425,sys/yqpanel.txt:842;sys/user1/userpanel.txt:117;sys/user2/userpanel.txt:117;sys/userCCD/userpanel.txt:117;sys/userHBA/userpanel.txt:117
panel-action-0907ea95c718,,panel_action,panel_action,text_productivity,Alignment MiddleCenter,,partial,PROPERTIES,"Alignment MiddleCenter — preserve the documented operation, not merely a manually reproducible drawing.",Native property editing exists; interactive alignment preservation and drag-preview semantics need comparison.,src/commands/utility.ts;src/commands/annotate.ts:426;src/commands/production.ts:425,sys/yqpanel.txt:843;sys/user1/userpanel.txt:118;sys/user2/userpanel.txt:118;sys/userCCD/userpanel.txt:118;sys/userHBA/userpanel.txt:118
panel-action-4b92f657aa9c,,panel_action,panel_action,text_productivity,All to SIMSUN,,host_integration,,"All to SIMSUN — preserve the documented operation, not merely a manually reproducible drawing.",Host/plugin/OS configuration preset rather than a native drawing command.,AGENTS.md;src/commands/annotate.ts:426;src/commands/production.ts:425,sys/yqpanel.txt:845
panel-action-3711d787f5e6,,panel_action,panel_action,text_productivity,All to SIMHEI,,host_integration,,"All to SIMHEI — preserve the documented operation, not merely a manually reproducible drawing.",Host/plugin/OS configuration preset rather than a native drawing command.,AGENTS.md;src/commands/annotate.ts:426;src/commands/production.ts:425,sys/yqpanel.txt:846
panel-action-0e478449e916,,panel_action,panel_action,text_productivity,All to HZDX,,host_integration,,"All to HZDX — preserve the documented operation, not merely a manually reproducible drawing.",Host/plugin/OS configuration preset rather than a native drawing command.,AGENTS.md;src/commands/annotate.ts:426;src/commands/production.ts:425,sys/yqpanel.txt:847
panel-action-787b4a7552b2,,panel_action,panel_action,text_productivity,All to tssdeng,,host_integration,,"All to tssdeng — preserve the documented operation, not merely a manually reproducible drawing.",Host/plugin/OS configuration preset rather than a native drawing command.,AGENTS.md;src/commands/annotate.ts:426;src/commands/production.ts:425,sys/yqpanel.txt:848
panel-action-1fd4a7c4fe0d,,panel_action,panel_action,statistics_data,Windows Calculator,,host_integration,,"Windows Calculator — preserve the documented operation, not merely a manually reproducible drawing.",Host/plugin/OS configuration preset rather than a native drawing command.,AGENTS.md;src/commands/utility.ts:46;src/commands/blocks.ts:158;src/blocks/blockOps.ts:180,sys/yqpanel.txt:851
panel-action-6695c8fd9ff1,,panel_action,panel_action,statistics_data,Left shift 6 digits,,missing_specialized,,"Left shift 6 digits — preserve the documented operation, not merely a manually reproducible drawing.",Batch numeric-text decimal-place shifting is not provided by generic text editing.,src/commands/annotate.ts;src/commands/utility.ts:46;src/commands/blocks.ts:158;src/blocks/blockOps.ts:180,sys/yqpanel.txt:857
panel-action-c1549a2fe507,,panel_action,panel_action,statistics_data,Left shift 3 digits,,missing_specialized,,"Left shift 3 digits — preserve the documented operation, not merely a manually reproducible drawing.",Batch numeric-text decimal-place shifting is not provided by generic text editing.,src/commands/annotate.ts;src/commands/utility.ts:46;src/commands/blocks.ts:158;src/blocks/blockOps.ts:180,sys/yqpanel.txt:858
panel-action-81a1efda941b,,panel_action,panel_action,statistics_data,Left shift 1 digit,,missing_specialized,,"Left shift 1 digit — preserve the documented operation, not merely a manually reproducible drawing.",Batch numeric-text decimal-place shifting is not provided by generic text editing.,src/commands/annotate.ts;src/commands/utility.ts:46;src/commands/blocks.ts:158;src/blocks/blockOps.ts:180,sys/yqpanel.txt:859
panel-action-b81192c7f2f5,,panel_action,panel_action,statistics_data,Right shift 1 digit,,missing_specialized,,"Right shift 1 digit — preserve the documented operation, not merely a manually reproducible drawing.",Batch numeric-text decimal-place shifting is not provided by generic text editing.,src/commands/annotate.ts;src/commands/utility.ts:46;src/commands/blocks.ts:158;src/blocks/blockOps.ts:180,sys/yqpanel.txt:860
panel-action-41e02facc973,,panel_action,panel_action,layers_standards,All Layers,,partial,LAYERSTATE;LAYER,"All Layers — preserve the documented operation, not merely a manually reproducible drawing.","Layer states/filtering exist. These are company-specific visibility presets, not independent geometry commands.",src/commands/utility.ts;src/commands/utility.ts:150;src/ui/panels/LayersPanel.tsx:1,sys/yqpanel.txt:886;sys/user1/userpanel.txt:141;sys/user2/userpanel.txt:141;sys/userCCD/userpanel.txt:141;sys/userHBA/userpanel.txt:141
panel-action-5ec8434db423,,panel_action,panel_action,layers_standards,FF Layers,,partial,LAYERSTATE;LAYER,"FF Layers — preserve the documented operation, not merely a manually reproducible drawing.","Layer states/filtering exist. These are company-specific visibility presets, not independent geometry commands.",src/commands/utility.ts;src/commands/utility.ts:150;src/ui/panels/LayersPanel.tsx:1,sys/yqpanel.txt:887;sys/user1/userpanel.txt:142;sys/user2/userpanel.txt:142;sys/userCCD/userpanel.txt:142;sys/userHBA/userpanel.txt:142
panel-action-60f41ac3d70e,,panel_action,panel_action,layers_standards,RC Layers,,partial,LAYERSTATE;LAYER,"RC Layers — preserve the documented operation, not merely a manually reproducible drawing.","Layer states/filtering exist. These are company-specific visibility presets, not independent geometry commands.",src/commands/utility.ts;src/commands/utility.ts:150;src/ui/panels/LayersPanel.tsx:1,sys/yqpanel.txt:888;sys/user1/userpanel.txt:143;sys/user2/userpanel.txt:143;sys/userCCD/userpanel.txt:143;sys/userHBA/userpanel.txt:143
panel-action-b7d43ad8f6f5,,panel_action,panel_action,layers_standards,FC Layers,,partial,LAYERSTATE;LAYER,"FC Layers — preserve the documented operation, not merely a manually reproducible drawing.","Layer states/filtering exist. These are company-specific visibility presets, not independent geometry commands.",src/commands/utility.ts;src/commands/utility.ts:150;src/ui/panels/LayersPanel.tsx:1,sys/yqpanel.txt:889;sys/user1/userpanel.txt:144;sys/user2/userpanel.txt:144;sys/userCCD/userpanel.txt:144;sys/userHBA/userpanel.txt:144
panel-action-97c0c82382a3,,panel_action,panel_action,layers_standards,AR Layers,,partial,LAYERSTATE;LAYER,"AR Layers — preserve the documented operation, not merely a manually reproducible drawing.","Layer states/filtering exist. These are company-specific visibility presets, not independent geometry commands.",src/commands/utility.ts;src/commands/utility.ts:150;src/ui/panels/LayersPanel.tsx:1,sys/yqpanel.txt:890;sys/user1/userpanel.txt:145;sys/user2/userpanel.txt:145;sys/userCCD/userpanel.txt:145;sys/userHBA/userpanel.txt:145
panel-action-68a7e13e6622,,panel_action,panel_action,layers_standards,EM Layers,,partial,LAYERSTATE;LAYER,"EM Layers — preserve the documented operation, not merely a manually reproducible drawing.","Layer states/filtering exist. These are company-specific visibility presets, not independent geometry commands.",src/commands/utility.ts;src/commands/utility.ts:150;src/ui/panels/LayersPanel.tsx:1,sys/yqpanel.txt:891;sys/user1/userpanel.txt:146;sys/user2/userpanel.txt:146;sys/userCCD/userpanel.txt:146;sys/userHBA/userpanel.txt:146
panel-action-19d923ef0caf,,panel_action,panel_action,selection,LINE,,native_core,QSELECT,"LINE — preserve the documented operation, not merely a manually reproducible drawing.",Type-filtered selection/deletion can be performed natively for supported 2D entity types; 3DFACE is outside scope.,src/commands/utility.ts;src/commands/modify.ts,sys/yqpanel.txt:894
panel-action-a1ec2ff8a234,,panel_action,panel_action,selection,ARC,,native_core,QSELECT,"ARC — preserve the documented operation, not merely a manually reproducible drawing.",Type-filtered selection/deletion can be performed natively for supported 2D entity types; 3DFACE is outside scope.,src/commands/utility.ts;src/commands/modify.ts,sys/yqpanel.txt:895
panel-action-d1dc177595d9,,panel_action,panel_action,selection,CIRCLE,,native_core,QSELECT,"CIRCLE — preserve the documented operation, not merely a manually reproducible drawing.",Type-filtered selection/deletion can be performed natively for supported 2D entity types; 3DFACE is outside scope.,src/commands/utility.ts;src/commands/modify.ts,sys/yqpanel.txt:896
panel-action-128ac0698f0c,,panel_action,panel_action,selection,ELLIPSE,,native_core,QSELECT,"ELLIPSE — preserve the documented operation, not merely a manually reproducible drawing.",Type-filtered selection/deletion can be performed natively for supported 2D entity types; 3DFACE is outside scope.,src/commands/utility.ts;src/commands/modify.ts,sys/yqpanel.txt:897
panel-action-ec328cbbfedb,,panel_action,panel_action,selection,TEXT,,native_core,QSELECT,"TEXT — preserve the documented operation, not merely a manually reproducible drawing.",Type-filtered selection/deletion can be performed natively for supported 2D entity types; 3DFACE is outside scope.,src/commands/utility.ts;src/commands/modify.ts,sys/yqpanel.txt:898
panel-action-a034f15ecdd8,,panel_action,panel_action,selection,MTEXT,,native_core,QSELECT,"MTEXT — preserve the documented operation, not merely a manually reproducible drawing.",Type-filtered selection/deletion can be performed natively for supported 2D entity types; 3DFACE is outside scope.,src/commands/utility.ts;src/commands/modify.ts,sys/yqpanel.txt:899
panel-action-19e84a6ec6c6,,panel_action,panel_action,selection,DIMENSION,,native_core,QSELECT,"DIMENSION — preserve the documented operation, not merely a manually reproducible drawing.",Type-filtered selection/deletion can be performed natively for supported 2D entity types; 3DFACE is outside scope.,src/commands/utility.ts;src/commands/modify.ts,sys/yqpanel.txt:900
panel-action-2ce0243aaaac,,panel_action,panel_action,selection,LEADER,,native_core,QSELECT,"LEADER — preserve the documented operation, not merely a manually reproducible drawing.",Type-filtered selection/deletion can be performed natively for supported 2D entity types; 3DFACE is outside scope.,src/commands/utility.ts;src/commands/modify.ts,sys/yqpanel.txt:901
panel-action-4f7313554249,,panel_action,panel_action,selection,MLEADER,,native_core,QSELECT,"MLEADER — preserve the documented operation, not merely a manually reproducible drawing.",Type-filtered selection/deletion can be performed natively for supported 2D entity types; 3DFACE is outside scope.,src/commands/utility.ts;src/commands/modify.ts,sys/yqpanel.txt:902
panel-action-9630d4c16699,,panel_action,panel_action,selection,INSERT,,native_core,QSELECT,"INSERT — preserve the documented operation, not merely a manually reproducible drawing.",Type-filtered selection/deletion can be performed natively for supported 2D entity types; 3DFACE is outside scope.,src/commands/utility.ts;src/commands/modify.ts,sys/yqpanel.txt:903
panel-action-6947e061e515,,panel_action,panel_action,selection,HATCH,,native_core,QSELECT,"HATCH — preserve the documented operation, not merely a manually reproducible drawing.",Type-filtered selection/deletion can be performed natively for supported 2D entity types; 3DFACE is outside scope.,src/commands/utility.ts;src/commands/modify.ts,sys/yqpanel.txt:904
panel-action-2fa209ca43c4,,panel_action,panel_action,selection,RAY,,native_core,QSELECT,"RAY — preserve the documented operation, not merely a manually reproducible drawing.",Type-filtered selection/deletion can be performed natively for supported 2D entity types; 3DFACE is outside scope.,src/commands/utility.ts;src/commands/modify.ts,sys/yqpanel.txt:905
panel-action-23ac2f70cba2,,panel_action,panel_action,selection,XLINE,,native_core,QSELECT,"XLINE — preserve the documented operation, not merely a manually reproducible drawing.",Type-filtered selection/deletion can be performed natively for supported 2D entity types; 3DFACE is outside scope.,src/commands/utility.ts;src/commands/modify.ts,sys/yqpanel.txt:906
panel-action-69741f90c786,,panel_action,panel_action,selection,3DFACE,,out_of_scope_3d,,"3DFACE — preserve the documented operation, not merely a manually reproducible drawing.",Type-filtered selection/deletion can be performed natively for supported 2D entity types; 3DFACE is outside scope.,src/commands/utility.ts;src/commands/modify.ts,sys/yqpanel.txt:907
panel-action-c238a606c693,,panel_action,panel_action,selection,POLYLINE,,native_core,QSELECT,"POLYLINE — preserve the documented operation, not merely a manually reproducible drawing.",Type-filtered selection/deletion can be performed natively for supported 2D entity types; 3DFACE is outside scope.,src/commands/utility.ts;src/commands/modify.ts,sys/yqpanel.txt:908
panel-action-8e37c917fa2b,,panel_action,panel_action,selection,POINT,,native_core,QSELECT,"POINT — preserve the documented operation, not merely a manually reproducible drawing.",Type-filtered selection/deletion can be performed natively for supported 2D entity types; 3DFACE is outside scope.,src/commands/utility.ts;src/commands/modify.ts,sys/yqpanel.txt:909
panel-action-6436ee0eaf7d,,panel_action,panel_action,selection,SPLINE,,native_core,QSELECT,"SPLINE — preserve the documented operation, not merely a manually reproducible drawing.",Type-filtered selection/deletion can be performed natively for supported 2D entity types; 3DFACE is outside scope.,src/commands/utility.ts;src/commands/modify.ts,sys/yqpanel.txt:910
panel-action-2781b8b034d6,,panel_action,panel_action,selection,ATTDEF,,native_core,QSELECT,"ATTDEF — preserve the documented operation, not merely a manually reproducible drawing.",Type-filtered selection/deletion can be performed natively for supported 2D entity types; 3DFACE is outside scope.,src/commands/utility.ts;src/commands/modify.ts,sys/yqpanel.txt:911
panel-action-ef64096bd5ca,,panel_action,panel_action,selection,WIPEOUT,,native_core,QSELECT,"WIPEOUT — preserve the documented operation, not merely a manually reproducible drawing.",Type-filtered selection/deletion can be performed natively for supported 2D entity types; 3DFACE is outside scope.,src/commands/utility.ts;src/commands/modify.ts,sys/yqpanel.txt:912
panel-action-e3db340b7f9a,,panel_action,panel_action,selection,REGION,,native_core,QSELECT,"REGION — preserve the documented operation, not merely a manually reproducible drawing.",Type-filtered selection/deletion can be performed natively for supported 2D entity types; 3DFACE is outside scope.,src/commands/utility.ts;src/commands/modify.ts,sys/yqpanel.txt:913
panel-action-c32f2da945aa,,panel_action,panel_action,selection,VIEWPORT,,native_core,QSELECT,"VIEWPORT — preserve the documented operation, not merely a manually reproducible drawing.",Type-filtered selection/deletion can be performed natively for supported 2D entity types; 3DFACE is outside scope.,src/commands/utility.ts;src/commands/modify.ts,sys/yqpanel.txt:914
panel-action-70db24b1bc8d,,panel_action,panel_action,selection,IMAGE,,native_core,QSELECT,"IMAGE — preserve the documented operation, not merely a manually reproducible drawing.",Type-filtered selection/deletion can be performed natively for supported 2D entity types; 3DFACE is outside scope.,src/commands/utility.ts;src/commands/modify.ts,sys/yqpanel.txt:915
panel-action-f2f6db2649b3,,panel_action,panel_action,selection,LINE,,native_core,QSELECT;ERASE,"LINE — preserve the documented operation, not merely a manually reproducible drawing.",Type-filtered selection/deletion can be performed natively for supported 2D entity types; 3DFACE is outside scope.,src/commands/utility.ts;src/commands/modify.ts,sys/yqpanel.txt:922
panel-action-4f0457e184b7,,panel_action,panel_action,selection,ARC,,native_core,QSELECT;ERASE,"ARC — preserve the documented operation, not merely a manually reproducible drawing.",Type-filtered selection/deletion can be performed natively for supported 2D entity types; 3DFACE is outside scope.,src/commands/utility.ts;src/commands/modify.ts,sys/yqpanel.txt:923
panel-action-02d38b3ec683,,panel_action,panel_action,selection,CIRCLE,,native_core,QSELECT;ERASE,"CIRCLE — preserve the documented operation, not merely a manually reproducible drawing.",Type-filtered selection/deletion can be performed natively for supported 2D entity types; 3DFACE is outside scope.,src/commands/utility.ts;src/commands/modify.ts,sys/yqpanel.txt:924
panel-action-70bb0d4d868b,,panel_action,panel_action,selection,ELLIPSE,,native_core,QSELECT;ERASE,"ELLIPSE — preserve the documented operation, not merely a manually reproducible drawing.",Type-filtered selection/deletion can be performed natively for supported 2D entity types; 3DFACE is outside scope.,src/commands/utility.ts;src/commands/modify.ts,sys/yqpanel.txt:925
panel-action-adf5e762e441,,panel_action,panel_action,selection,TEXT,,native_core,QSELECT;ERASE,"TEXT — preserve the documented operation, not merely a manually reproducible drawing.",Type-filtered selection/deletion can be performed natively for supported 2D entity types; 3DFACE is outside scope.,src/commands/utility.ts;src/commands/modify.ts,sys/yqpanel.txt:926
panel-action-a9cac3f5b517,,panel_action,panel_action,selection,MTEXT,,native_core,QSELECT;ERASE,"MTEXT — preserve the documented operation, not merely a manually reproducible drawing.",Type-filtered selection/deletion can be performed natively for supported 2D entity types; 3DFACE is outside scope.,src/commands/utility.ts;src/commands/modify.ts,sys/yqpanel.txt:927
panel-action-e48b9b70b478,,panel_action,panel_action,selection,DIMENSION,,native_core,QSELECT;ERASE,"DIMENSION — preserve the documented operation, not merely a manually reproducible drawing.",Type-filtered selection/deletion can be performed natively for supported 2D entity types; 3DFACE is outside scope.,src/commands/utility.ts;src/commands/modify.ts,sys/yqpanel.txt:928
panel-action-28f884d6cd69,,panel_action,panel_action,selection,LEADER,,native_core,QSELECT;ERASE,"LEADER — preserve the documented operation, not merely a manually reproducible drawing.",Type-filtered selection/deletion can be performed natively for supported 2D entity types; 3DFACE is outside scope.,src/commands/utility.ts;src/commands/modify.ts,sys/yqpanel.txt:929
panel-action-5809c5f08d10,,panel_action,panel_action,selection,LEADER,,native_core,QSELECT;ERASE,"LEADER — preserve the documented operation, not merely a manually reproducible drawing.",Type-filtered selection/deletion can be performed natively for supported 2D entity types; 3DFACE is outside scope.,src/commands/utility.ts;src/commands/modify.ts,sys/yqpanel.txt:930
panel-action-321287401ef8,,panel_action,panel_action,selection,INSERT,,native_core,QSELECT;ERASE,"INSERT — preserve the documented operation, not merely a manually reproducible drawing.",Type-filtered selection/deletion can be performed natively for supported 2D entity types; 3DFACE is outside scope.,src/commands/utility.ts;src/commands/modify.ts,sys/yqpanel.txt:931
panel-action-e207bb2e1648,,panel_action,panel_action,selection,HATCH,,native_core,QSELECT;ERASE,"HATCH — preserve the documented operation, not merely a manually reproducible drawing.",Type-filtered selection/deletion can be performed natively for supported 2D entity types; 3DFACE is outside scope.,src/commands/utility.ts;src/commands/modify.ts,sys/yqpanel.txt:932
panel-action-8d1c58e8e640,,panel_action,panel_action,selection,RAY,,native_core,QSELECT;ERASE,"RAY — preserve the documented operation, not merely a manually reproducible drawing.",Type-filtered selection/deletion can be performed natively for supported 2D entity types; 3DFACE is outside scope.,src/commands/utility.ts;src/commands/modify.ts,sys/yqpanel.txt:933
panel-action-e52863a45774,,panel_action,panel_action,selection,XLINE,,native_core,QSELECT;ERASE,"XLINE — preserve the documented operation, not merely a manually reproducible drawing.",Type-filtered selection/deletion can be performed natively for supported 2D entity types; 3DFACE is outside scope.,src/commands/utility.ts;src/commands/modify.ts,sys/yqpanel.txt:934
panel-action-db4025d3aa06,,panel_action,panel_action,selection,3DFACE,,out_of_scope_3d,,"3DFACE — preserve the documented operation, not merely a manually reproducible drawing.",Type-filtered selection/deletion can be performed natively for supported 2D entity types; 3DFACE is outside scope.,src/commands/utility.ts;src/commands/modify.ts,sys/yqpanel.txt:935
panel-action-d40b656dfccd,,panel_action,panel_action,selection,POLYLINE,,native_core,QSELECT;ERASE,"POLYLINE — preserve the documented operation, not merely a manually reproducible drawing.",Type-filtered selection/deletion can be performed natively for supported 2D entity types; 3DFACE is outside scope.,src/commands/utility.ts;src/commands/modify.ts,sys/yqpanel.txt:936
panel-action-06cd35a5ef60,,panel_action,panel_action,selection,POINT,,native_core,QSELECT;ERASE,"POINT — preserve the documented operation, not merely a manually reproducible drawing.",Type-filtered selection/deletion can be performed natively for supported 2D entity types; 3DFACE is outside scope.,src/commands/utility.ts;src/commands/modify.ts,sys/yqpanel.txt:937
panel-action-5c09b58879aa,,panel_action,panel_action,selection,SPLINE,,native_core,QSELECT;ERASE,"SPLINE — preserve the documented operation, not merely a manually reproducible drawing.",Type-filtered selection/deletion can be performed natively for supported 2D entity types; 3DFACE is outside scope.,src/commands/utility.ts;src/commands/modify.ts,sys/yqpanel.txt:938
panel-action-37c16913093f,,panel_action,panel_action,selection,ATTDEF,,native_core,QSELECT;ERASE,"ATTDEF — preserve the documented operation, not merely a manually reproducible drawing.",Type-filtered selection/deletion can be performed natively for supported 2D entity types; 3DFACE is outside scope.,src/commands/utility.ts;src/commands/modify.ts,sys/yqpanel.txt:939
panel-action-52e8310d1a5c,,panel_action,panel_action,selection,WIPEOUT,,native_core,QSELECT;ERASE,"WIPEOUT — preserve the documented operation, not merely a manually reproducible drawing.",Type-filtered selection/deletion can be performed natively for supported 2D entity types; 3DFACE is outside scope.,src/commands/utility.ts;src/commands/modify.ts,sys/yqpanel.txt:940
panel-action-b82170999b28,,panel_action,panel_action,selection,REGION,,native_core,QSELECT;ERASE,"REGION — preserve the documented operation, not merely a manually reproducible drawing.",Type-filtered selection/deletion can be performed natively for supported 2D entity types; 3DFACE is outside scope.,src/commands/utility.ts;src/commands/modify.ts,sys/yqpanel.txt:941
panel-action-cbdfb27fd053,,panel_action,panel_action,selection,VIEWPORT,,native_core,QSELECT;ERASE,"VIEWPORT — preserve the documented operation, not merely a manually reproducible drawing.",Type-filtered selection/deletion can be performed natively for supported 2D entity types; 3DFACE is outside scope.,src/commands/utility.ts;src/commands/modify.ts,sys/yqpanel.txt:942
panel-action-892bf8f4feba,,panel_action,panel_action,selection,IMAGE,,native_core,QSELECT;ERASE,"IMAGE — preserve the documented operation, not merely a manually reproducible drawing.",Type-filtered selection/deletion can be performed natively for supported 2D entity types; 3DFACE is outside scope.,src/commands/utility.ts;src/commands/modify.ts,sys/yqpanel.txt:943
panel-action-8682ec518d85,,panel_action,panel_action,host_integrations,Tch Explain,,host_integration,,"Tch Explain — preserve the documented operation, not merely a manually reproducible drawing.",Host/plugin/OS configuration preset rather than a native drawing command.,AGENTS.md,sys/yqpanel.txt:955
t81_texplode,t81_texplode,external_command,supplementary,host_integrations,Tch Explode,,host_integration,,"Tch Explode — preserve the documented operation, not merely a manually reproducible drawing.",AutoCAD/Tianzheng/Windows command supplied by the host or another plugin; no direct native-port requirement.,,sys/yqpanel.txt:959
t81_tsaveas,t81_tsaveas,external_command,supplementary,host_integrations,Tch Saveas,,host_integration,,"Tch Saveas — preserve the documented operation, not merely a manually reproducible drawing.",AutoCAD/Tianzheng/Windows command supplied by the host or another plugin; no direct native-port requirement.,,sys/yqpanel.txt:960
t81_tbatsave,t81_tbatsave,external_command,supplementary,host_integrations,Tch Batch Saveas,,host_integration,,"Tch Batch Saveas — preserve the documented operation, not merely a manually reproducible drawing.",AutoCAD/Tianzheng/Windows command supplied by the host or another plugin; no direct native-port requirement.,,sys/yqpanel.txt:961
t81_tprotect,t81_tprotect,external_command,supplementary,host_integrations,Tch Protect,,host_integration,,"Tch Protect — preserve the documented operation, not merely a manually reproducible drawing.",AutoCAD/Tianzheng/Windows command supplied by the host or another plugin; no direct native-port requirement.,,sys/yqpanel.txt:962
t81_tbbxx,t81_tbbxx,external_command,supplementary,host_integrations,Tch Version,,host_integration,,"Tch Version — preserve the documented operation, not merely a manually reproducible drawing.",AutoCAD/Tianzheng/Windows command supplied by the host or another plugin; no direct native-port requirement.,,sys/yqpanel.txt:963
t91_texplode,t91_texplode,external_command,supplementary,host_integrations,Tch Explode,,host_integration,,"Tch Explode — preserve the documented operation, not merely a manually reproducible drawing.",AutoCAD/Tianzheng/Windows command supplied by the host or another plugin; no direct native-port requirement.,,sys/yqpanel.txt:966
t91_tsaveas,t91_tsaveas,external_command,supplementary,host_integrations,Tch Saveas,,host_integration,,"Tch Saveas — preserve the documented operation, not merely a manually reproducible drawing.",AutoCAD/Tianzheng/Windows command supplied by the host or another plugin; no direct native-port requirement.,,sys/yqpanel.txt:967
t91_tbatsave,t91_tbatsave,external_command,supplementary,host_integrations,Tch Batch Saveas,,host_integration,,"Tch Batch Saveas — preserve the documented operation, not merely a manually reproducible drawing.",AutoCAD/Tianzheng/Windows command supplied by the host or another plugin; no direct native-port requirement.,,sys/yqpanel.txt:968
t91_tprotect,t91_tprotect,external_command,supplementary,host_integrations,Tch Protect,,host_integration,,"Tch Protect — preserve the documented operation, not merely a manually reproducible drawing.",AutoCAD/Tianzheng/Windows command supplied by the host or another plugin; no direct native-port requirement.,,sys/yqpanel.txt:969
t91_tbbxx,t91_tbbxx,external_command,supplementary,host_integrations,Tch Version,,host_integration,,"Tch Version — preserve the documented operation, not merely a manually reproducible drawing.",AutoCAD/Tianzheng/Windows command supplied by the host or another plugin; no direct native-port requirement.,,sys/yqpanel.txt:970
texplode,texplode,external_command,supplementary,host_integrations,Tch Explode,,host_integration,,"Tch Explode — preserve the documented operation, not merely a manually reproducible drawing.",AutoCAD/Tianzheng/Windows command supplied by the host or another plugin; no direct native-port requirement.,,sys/yqpanel.txt:973
tsaveas,tsaveas,external_command,supplementary,host_integrations,Tch Saveas,,host_integration,,"Tch Saveas — preserve the documented operation, not merely a manually reproducible drawing.",AutoCAD/Tianzheng/Windows command supplied by the host or another plugin; no direct native-port requirement.,,sys/yqpanel.txt:974
tbatsave,tbatsave,external_command,supplementary,host_integrations,Tch Batch Saveas,,host_integration,,"Tch Batch Saveas — preserve the documented operation, not merely a manually reproducible drawing.",AutoCAD/Tianzheng/Windows command supplied by the host or another plugin; no direct native-port requirement.,,sys/yqpanel.txt:975
tprotect,tprotect,external_command,supplementary,host_integrations,Tch Protect,,host_integration,,"Tch Protect — preserve the documented operation, not merely a manually reproducible drawing.",AutoCAD/Tianzheng/Windows command supplied by the host or another plugin; no direct native-port requirement.,,sys/yqpanel.txt:976;sys/yqpanel.txt:980
tbbxx,tbbxx,external_command,supplementary,host_integrations,Tch Version,,host_integration,,"Tch Version — preserve the documented operation, not merely a manually reproducible drawing.",AutoCAD/Tianzheng/Windows command supplied by the host or another plugin; no direct native-port requirement.,,sys/yqpanel.txt:977;sys/yqpanel.txt:981
panel-action-5bdf5b1502d6,,panel_action,panel_action,geometry_productivity,Horizontal xline,,native_core,XLINE,Create an explicitly horizontal or vertical construction line.,XLINE exposes Horizontal and Vertical keywords directly.,src/commands/draw/construction.ts:73,sys/user1/userpanel.txt:165;sys/user2/userpanel.txt:165;sys/userCCD/userpanel.txt:165;sys/userHBA/userpanel.txt:165
panel-action-283e5b8887a3,,panel_action,panel_action,geometry_productivity,Vertical xline,,native_core,XLINE,Create an explicitly horizontal or vertical construction line.,XLINE exposes Horizontal and Vertical keywords directly.,src/commands/draw/construction.ts:73,sys/user1/userpanel.txt:166;sys/user2/userpanel.txt:166;sys/userCCD/userpanel.txt:166;sys/userHBA/userpanel.txt:166
yq_crossxline,yq_crossxline,command,supplementary,geometry_productivity,Cross xline,x2,partial,XLINE,"Cross xline — preserve the documented operation, not merely a manually reproducible drawing.",Native construction lines exist; convenience presets differ.,src/app/features.ts;src/commands/index.ts;src/commands/modify.ts:94,sys/user1/userpanel.txt:167;sys/user2/userpanel.txt:167;sys/userCCD/userpanel.txt:167;sys/userHBA/userpanel.txt:167
panel-action-cafe0f454a4c,,panel_action,panel_action,text_productivity,Text List-DN,,missing_specialized,,Select text from a maintained diameter/material dictionary and replace drawing text.,"TEXTEDIT/FIND accept typed content, without maintained categorized dictionary lists.",src/commands/annotate.ts:426;src/commands/annotate.ts:491,sys/user1/userpanel.txt:169;sys/user2/userpanel.txt:169;sys/userCCD/userpanel.txt:169;sys/userHBA/userpanel.txt:169
panel-action-888999a2f244,,panel_action,panel_action,text_productivity,Text List-Material,,missing_specialized,,Select text from a maintained diameter/material dictionary and replace drawing text.,"TEXTEDIT/FIND accept typed content, without maintained categorized dictionary lists.",src/commands/annotate.ts:426;src/commands/annotate.ts:491,sys/user1/userpanel.txt:170;sys/user2/userpanel.txt:170;sys/userCCD/userpanel.txt:170;sys/userHBA/userpanel.txt:170
panel-action-ad3b225afba2,,panel_action,panel_action,geometry_productivity,Top Aligning,,missing_specialized,,Align selected objects by top/left/right/bottom bounds.,ALIGN fits two picked point pairs and TEXTALIGN is text-only; neither performs bounding-edge alignment for arbitrary selected entities.,src/commands/modify.ts:996;src/commands/production.ts:472,sys/user1/userpanel.txt:172;sys/user2/userpanel.txt:172;sys/userCCD/userpanel.txt:172;sys/userHBA/userpanel.txt:172
panel-action-1d21fee5c74a,,panel_action,panel_action,geometry_productivity,Left Aligning,,missing_specialized,,Align selected objects by top/left/right/bottom bounds.,ALIGN fits two picked point pairs and TEXTALIGN is text-only; neither performs bounding-edge alignment for arbitrary selected entities.,src/commands/modify.ts:996;src/commands/production.ts:472,sys/user1/userpanel.txt:173;sys/user2/userpanel.txt:173;sys/userCCD/userpanel.txt:173;sys/userHBA/userpanel.txt:173
panel-action-b6fea00c7366,,panel_action,panel_action,geometry_productivity,Right Aligning,,missing_specialized,,Align selected objects by top/left/right/bottom bounds.,ALIGN fits two picked point pairs and TEXTALIGN is text-only; neither performs bounding-edge alignment for arbitrary selected entities.,src/commands/modify.ts:996;src/commands/production.ts:472,sys/user1/userpanel.txt:174;sys/user2/userpanel.txt:174;sys/userCCD/userpanel.txt:174;sys/userHBA/userpanel.txt:174
panel-action-043bcd7416d0,,panel_action,panel_action,geometry_productivity,Bottom Aligning,,missing_specialized,,Align selected objects by top/left/right/bottom bounds.,ALIGN fits two picked point pairs and TEXTALIGN is text-only; neither performs bounding-edge alignment for arbitrary selected entities.,src/commands/modify.ts:996;src/commands/production.ts:472,sys/user1/userpanel.txt:175;sys/user2/userpanel.txt:175;sys/userCCD/userpanel.txt:175;sys/userHBA/userpanel.txt:175
line,line,external_command,supplementary,host_integrations,Create a Line,,host_integration,,"Create a Line — preserve the documented operation, not merely a manually reproducible drawing.",AutoCAD/Tianzheng/Windows command supplied by the host or another plugin; no direct native-port requirement.,,sys/user1/userpanel.txt:178;sys/user2/userpanel.txt:178;sys/userCCD/userpanel.txt:178;sys/userHBA/userpanel.txt:178
arc,arc,external_command,supplementary,host_integrations,3 Points Arc,,host_integration,,"3 Points Arc — preserve the documented operation, not merely a manually reproducible drawing.",AutoCAD/Tianzheng/Windows command supplied by the host or another plugin; no direct native-port requirement.,,sys/user1/userpanel.txt:179;sys/user2/userpanel.txt:179;sys/userCCD/userpanel.txt:179;sys/userHBA/userpanel.txt:179
copy,copy,external_command,supplementary,host_integrations,Copy,,host_integration,,"Copy — preserve the documented operation, not merely a manually reproducible drawing.",AutoCAD/Tianzheng/Windows command supplied by the host or another plugin; no direct native-port requirement.,,sys/user1/userpanel.txt:180;sys/user2/userpanel.txt:180;sys/userCCD/userpanel.txt:180;sys/userHBA/userpanel.txt:180
erase,erase,external_command,supplementary,host_integrations,Erase,,host_integration,,"Erase — preserve the documented operation, not merely a manually reproducible drawing.",AutoCAD/Tianzheng/Windows command supplied by the host or another plugin; no direct native-port requirement.,,sys/user1/userpanel.txt:181;sys/user2/userpanel.txt:181;sys/userCCD/userpanel.txt:181;sys/userHBA/userpanel.txt:181
